country,alpha_2_code,alpha_3_code,numeric_code,indicator,time_period,obs_value,sex,unit_of_measure,current_age
Andorra,AD,AND,20,Proportion of health care facilities with no hygiene service,2000,0.0,Total,%,Total
Andorra,AD,AND,20,Proportion of health care facilities with no hygiene service,2001,0.0,Total,%,Total
Andorra,AD,AND,20,Proportion of health care facilities with no hygiene service,2002,0.0,Total,%,Total
Andorra,AD,AND,20,Proportion of health care facilities with no hygiene service,2003,0.0,Total,%,Total
Andorra,AD,AND,20,Proportion of health care facilities with no hygiene service,2004,0.0,Total,%,Total
Andorra,AD,AND,20,Proportion of health care facilities with no hygiene service,2005,0.0,Total,%,Total
Andorra,AD,AND,20,Proportion of health care facilities with no hygiene service,2006,0.0,Total,%,Total
Andorra,AD,AND,20,Proportion of health care facilities with no hygiene service,2007,0.0,Total,%,Total
Andorra,AD,AND,20,Proportion of health care facilities with no hygiene service,2008,0.0,Total,%,Total
Andorra,AD,AND,20,Proportion of health care facilities with no hygiene service,2009,0.0,Total,%,Total
Andorra,AD,AND,20,Proportion of health care facilities with no hygiene service,2010,0.0,Total,%,Total
Andorra,AD,AND,20,Proportion of health care facilities with no hygiene service,2011,0.0,Total,%,Total
Andorra,AD,AND,20,Proportion of health care facilities with no hygiene service,2012,0.0,Total,%,Total
Andorra,AD,AND,20,Proportion of health care facilities with no hygiene service,2013,0.0,Total,%,Total
Andorra,AD,AND,20,Proportion of health care facilities with no hygiene service,2014,0.0,Total,%,Total
Andorra,AD,AND,20,Proportion of health care facilities with no hygiene service,2015,0.0,Total,%,Total
Andorra,AD,AND,20,Proportion of health care facilities with no hygiene service,2016,0.0,Total,%,Total
Andorra,AD,AND,20,Proportion of health care facilities with no hygiene service,2017,0.0,Total,%,Total
Andorra,AD,AND,20,Proportion of health care facilities with no hygiene service,2018,0.0,Total,%,Total
Andorra,AD,AND,20,Proportion of health care facilities with no hygiene service,2019,0.0,Total,%,Total
Andorra,AD,AND,20,Proportion of health care facilities with no hygiene service,2020,0.0,Total,%,Total
Andorra,AD,AND,20,Proportion of health care facilities with no hygiene service,2021,0.0,Total,%,Total
Andorra,AD,AND,20,Proportion of health care facilities with no hygiene service,2022,0.0,Total,%,Total
Andorra,AD,AND,20,Proportion of health care facilities with no hygiene service,2023,0.0,Total,%,Total
Azerbaijan,AZ,AZE,31,Proportion of health care facilities with no hygiene service,2000,0.0,Total,%,Total
Azerbaijan,AZ,AZE,31,Proportion of health care facilities with no hygiene service,2001,0.0,Total,%,Total
Azerbaijan,AZ,AZE,31,Proportion of health care facilities with no hygiene service,2002,0.0,Total,%,Total
Azerbaijan,AZ,AZE,31,Proportion of health care facilities with no hygiene service,2003,0.0,Total,%,Total
Azerbaijan,AZ,AZE,31,Proportion of health care facilities with no hygiene service,2004,0.0,Total,%,Total
Azerbaijan,AZ,AZE,31,Proportion of health care facilities with no hygiene service,2005,0.0,Total,%,Total
Azerbaijan,AZ,AZE,31,Proportion of health care facilities with no hygiene service,2006,0.0,Total,%,Total
Azerbaijan,AZ,AZE,31,Proportion of health care facilities with no hygiene service,2007,0.0,Total,%,Total
Azerbaijan,AZ,AZE,31,Proportion of health care facilities with no hygiene service,2008,0.0,Total,%,Total
Azerbaijan,AZ,AZE,31,Proportion of health care facilities with no hygiene service,2009,0.0,Total,%,Total
Azerbaijan,AZ,AZE,31,Proportion of health care facilities with no hygiene service,2010,0.0,Total,%,Total
Azerbaijan,AZ,AZE,31,Proportion of health care facilities with no hygiene service,2011,0.0,Total,%,Total
Azerbaijan,AZ,AZE,31,Proportion of health care facilities with no hygiene service,2012,0.0,Total,%,Total
Azerbaijan,AZ,AZE,31,Proportion of health care facilities with no hygiene service,2013,0.0,Total,%,Total
Azerbaijan,AZ,AZE,31,Proportion of health care facilities with no hygiene service,2014,0.0,Total,%,Total
Azerbaijan,AZ,AZE,31,Proportion of health care facilities with no hygiene service,2015,0.0,Total,%,Total
Azerbaijan,AZ,AZE,31,Proportion of health care facilities with no hygiene service,2016,0.0,Total,%,Total
Azerbaijan,AZ,AZE,31,Proportion of health care facilities with no hygiene service,2017,0.0,Total,%,Total
Azerbaijan,AZ,AZE,31,Proportion of health care facilities with no hygiene service,2018,0.0,Total,%,Total
Azerbaijan,AZ,AZE,31,Proportion of health care facilities with no hygiene service,2019,0.0,Total,%,Total
Azerbaijan,AZ,AZE,31,Proportion of health care facilities with no hygiene service,2020,0.0,Total,%,Total
Azerbaijan,AZ,AZE,31,Proportion of health care facilities with no hygiene service,2021,0.0,Total,%,Total
Azerbaijan,AZ,AZE,31,Proportion of health care facilities with no hygiene service,2022,0.0,Total,%,Total
Azerbaijan,AZ,AZE,31,Proportion of health care facilities with no hygiene service,2023,0.0,Total,%,Total
Bangladesh,BD,BGD,50,Proportion of health care facilities with no hygiene service,2011,3.14205,Total,%,Total
Bangladesh,BD,BGD,50,Proportion of health care facilities with no hygiene service,2012,3.14205,Total,%,Total
Bangladesh,BD,BGD,50,Proportion of health care facilities with no hygiene service,2013,3.14205,Total,%,Total
Bangladesh,BD,BGD,50,Proportion of health care facilities with no hygiene service,2014,3.14205,Total,%,Total
Bangladesh,BD,BGD,50,Proportion of health care facilities with no hygiene service,2015,3.14205,Total,%,Total
Bangladesh,BD,BGD,50,Proportion of health care facilities with no hygiene service,2016,3.14205,Total,%,Total
Bangladesh,BD,BGD,50,Proportion of health care facilities with no hygiene service,2017,3.14205,Total,%,Total
Bangladesh,BD,BGD,50,Proportion of health care facilities with no hygiene service,2018,3.14205,Total,%,Total
Bangladesh,BD,BGD,50,Proportion of health care facilities with no hygiene service,2019,3.14205,Total,%,Total
Bangladesh,BD,BGD,50,Proportion of health care facilities with no hygiene service,2020,3.14205,Total,%,Total
Bangladesh,BD,BGD,50,Proportion of health care facilities with no hygiene service,2021,3.14205,Total,%,Total
Bangladesh,BD,BGD,50,Proportion of health care facilities with no hygiene service,2022,3.14205,Total,%,Total
Bangladesh,BD,BGD,50,Proportion of health care facilities with no hygiene service,2023,3.14205,Total,%,Total
Burkina Faso,BF,BFA,854,Proportion of health care facilities with no hygiene service,2000,0.0,Total,%,Total
Burkina Faso,BF,BFA,854,Proportion of health care facilities with no hygiene service,2001,0.0,Total,%,Total
Burkina Faso,BF,BFA,854,Proportion of health care facilities with no hygiene service,2002,0.0,Total,%,Total
Burkina Faso,BF,BFA,854,Proportion of health care facilities with no hygiene service,2003,0.0,Total,%,Total
Burkina Faso,BF,BFA,854,Proportion of health care facilities with no hygiene service,2004,0.0,Total,%,Total
Burkina Faso,BF,BFA,854,Proportion of health care facilities with no hygiene service,2005,0.0,Total,%,Total
Burkina Faso,BF,BFA,854,Proportion of health care facilities with no hygiene service,2006,0.0,Total,%,Total
Burkina Faso,BF,BFA,854,Proportion of health care facilities with no hygiene service,2007,0.0,Total,%,Total
Burkina Faso,BF,BFA,854,Proportion of health care facilities with no hygiene service,2008,0.0,Total,%,Total
Burkina Faso,BF,BFA,854,Proportion of health care facilities with no hygiene service,2009,0.0,Total,%,Total
Burkina Faso,BF,BFA,854,Proportion of health care facilities with no hygiene service,2010,0.0,Total,%,Total
Burkina Faso,BF,BFA,854,Proportion of health care facilities with no hygiene service,2011,0.0,Total,%,Total
Burkina Faso,BF,BFA,854,Proportion of health care facilities with no hygiene service,2012,0.0,Total,%,Total
Burkina Faso,BF,BFA,854,Proportion of health care facilities with no hygiene service,2013,0.0,Total,%,Total
Burkina Faso,BF,BFA,854,Proportion of health care facilities with no hygiene service,2014,0.0,Total,%,Total
Burkina Faso,BF,BFA,854,Proportion of health care facilities with no hygiene service,2015,0.0,Total,%,Total
Burkina Faso,BF,BFA,854,Proportion of health care facilities with no hygiene service,2016,0.336303333,Total,%,Total
Burkina Faso,BF,BFA,854,Proportion of health care facilities with no hygiene service,2017,0.673235,Total,%,Total
Burkina Faso,BF,BFA,854,Proportion of health care facilities with no hygiene service,2018,1.010166667,Total,%,Total
Burkina Faso,BF,BFA,854,Proportion of health care facilities with no hygiene service,2019,1.347098333,Total,%,Total
Burkina Faso,BF,BFA,854,Proportion of health care facilities with no hygiene service,2020,1.68403,Total,%,Total
Burkina Faso,BF,BFA,854,Proportion of health care facilities with no hygiene service,2021,2.020961667,Total,%,Total
Burkina Faso,BF,BFA,854,Proportion of health care facilities with no hygiene service,2022,2.357893333,Total,%,Total
Burkina Faso,BF,BFA,854,Proportion of health care facilities with no hygiene service,2023,2.694825,Total,%,Total
Cambodia,KH,KHM,116,Proportion of health care facilities with no hygiene service,2020,0.9934,Total,%,Total
Cambodia,KH,KHM,116,Proportion of health care facilities with no hygiene service,2021,0.9934,Total,%,Total
Cambodia,KH,KHM,116,Proportion of health care facilities with no hygiene service,2022,0.9934,Total,%,Total
Cambodia,KH,KHM,116,Proportion of health care facilities with no hygiene service,2023,0.9934,Total,%,Total
China,CN,CHN,156,Proportion of health care facilities with no hygiene service,2000,0.39,Total,%,Total
China,CN,CHN,156,Proportion of health care facilities with no hygiene service,2001,0.39,Total,%,Total
China,CN,CHN,156,Proportion of health care facilities with no hygiene service,2002,0.39,Total,%,Total
China,CN,CHN,156,Proportion of health care facilities with no hygiene service,2003,0.39,Total,%,Total
China,CN,CHN,156,Proportion of health care facilities with no hygiene service,2004,0.39,Total,%,Total
China,CN,CHN,156,Proportion of health care facilities with no hygiene service,2005,0.39,Total,%,Total
China,CN,CHN,156,Proportion of health care facilities with no hygiene service,2006,0.39,Total,%,Total
China,CN,CHN,156,Proportion of health care facilities with no hygiene service,2007,0.39,Total,%,Total
China,CN,CHN,156,Proportion of health care facilities with no hygiene service,2008,0.39,Total,%,Total
China,CN,CHN,156,Proportion of health care facilities with no hygiene service,2009,0.39,Total,%,Total
China,CN,CHN,156,Proportion of health care facilities with no hygiene service,2010,0.39,Total,%,Total
China,CN,CHN,156,Proportion of health care facilities with no hygiene service,2011,0.39,Total,%,Total
China,CN,CHN,156,Proportion of health care facilities with no hygiene service,2012,0.39,Total,%,Total
China,CN,CHN,156,Proportion of health care facilities with no hygiene service,2013,0.39,Total,%,Total
China,CN,CHN,156,Proportion of health care facilities with no hygiene service,2014,0.39,Total,%,Total
China,CN,CHN,156,Proportion of health care facilities with no hygiene service,2015,0.39,Total,%,Total
China,CN,CHN,156,Proportion of health care facilities with no hygiene service,2016,0.39,Total,%,Total
China,CN,CHN,156,Proportion of health care facilities with no hygiene service,2017,0.39,Total,%,Total
China,CN,CHN,156,Proportion of health care facilities with no hygiene service,2018,0.39,Total,%,Total
China,CN,CHN,156,Proportion of health care facilities with no hygiene service,2019,0.39,Total,%,Total
China,CN,CHN,156,Proportion of health care facilities with no hygiene service,2020,0.39,Total,%,Total
China,CN,CHN,156,Proportion of health care facilities with no hygiene service,2021,0.39,Total,%,Total
China,CN,CHN,156,Proportion of health care facilities with no hygiene service,2022,0.39,Total,%,Total
China,CN,CHN,156,Proportion of health care facilities with no hygiene service,2023,0.39,Total,%,Total
Czech Republic,CZ,CZE,203,Proportion of health care facilities with no hygiene service,2000,0.0,Total,%,Total
Czech Republic,CZ,CZE,203,Proportion of health care facilities with no hygiene service,2001,0.0,Total,%,Total
Czech Republic,CZ,CZE,203,Proportion of health care facilities with no hygiene service,2002,0.0,Total,%,Total
Czech Republic,CZ,CZE,203,Proportion of health care facilities with no hygiene service,2003,0.0,Total,%,Total
Czech Republic,CZ,CZE,203,Proportion of health care facilities with no hygiene service,2004,0.0,Total,%,Total
Czech Republic,CZ,CZE,203,Proportion of health care facilities with no hygiene service,2005,0.0,Total,%,Total
Czech Republic,CZ,CZE,203,Proportion of health care facilities with no hygiene service,2006,0.0,Total,%,Total
Czech Republic,CZ,CZE,203,Proportion of health care facilities with no hygiene service,2007,0.0,Total,%,Total
Czech Republic,CZ,CZE,203,Proportion of health care facilities with no hygiene service,2008,0.0,Total,%,Total
Czech Republic,CZ,CZE,203,Proportion of health care facilities with no hygiene service,2009,0.0,Total,%,Total
Czech Republic,CZ,CZE,203,Proportion of health care facilities with no hygiene service,2010,0.0,Total,%,Total
Czech Republic,CZ,CZE,203,Proportion of health care facilities with no hygiene service,2011,0.0,Total,%,Total
Czech Republic,CZ,CZE,203,Proportion of health care facilities with no hygiene service,2012,0.0,Total,%,Total
Czech Republic,CZ,CZE,203,Proportion of health care facilities with no hygiene service,2013,0.0,Total,%,Total
Czech Republic,CZ,CZE,203,Proportion of health care facilities with no hygiene service,2014,0.0,Total,%,Total
Czech Republic,CZ,CZE,203,Proportion of health care facilities with no hygiene service,2015,0.0,Total,%,Total
Czech Republic,CZ,CZE,203,Proportion of health care facilities with no hygiene service,2016,0.0,Total,%,Total
Czech Republic,CZ,CZE,203,Proportion of health care facilities with no hygiene service,2017,0.0,Total,%,Total
Czech Republic,CZ,CZE,203,Proportion of health care facilities with no hygiene service,2018,0.0,Total,%,Total
Czech Republic,CZ,CZE,203,Proportion of health care facilities with no hygiene service,2019,0.0,Total,%,Total
Czech Republic,CZ,CZE,203,Proportion of health care facilities with no hygiene service,2020,0.0,Total,%,Total
Czech Republic,CZ,CZE,203,Proportion of health care facilities with no hygiene service,2021,0.0,Total,%,Total
Czech Republic,CZ,CZE,203,Proportion of health care facilities with no hygiene service,2022,0.0,Total,%,Total
Czech Republic,CZ,CZE,203,Proportion of health care facilities with no hygiene service,2023,0.0,Total,%,Total
Ivory Coast,CI,CIV,384,Proportion of health care facilities with no hygiene service,2000,0.0,Total,%,Total
Ivory Coast,CI,CIV,384,Proportion of health care facilities with no hygiene service,2001,0.0,Total,%,Total
Ivory Coast,CI,CIV,384,Proportion of health care facilities with no hygiene service,2002,0.0,Total,%,Total
Ivory Coast,CI,CIV,384,Proportion of health care facilities with no hygiene service,2003,0.0,Total,%,Total
Ivory Coast,CI,CIV,384,Proportion of health care facilities with no hygiene service,2004,0.0,Total,%,Total
Ivory Coast,CI,CIV,384,Proportion of health care facilities with no hygiene service,2005,0.0,Total,%,Total
Ivory Coast,CI,CIV,384,Proportion of health care facilities with no hygiene service,2006,0.0,Total,%,Total
Ivory Coast,CI,CIV,384,Proportion of health care facilities with no hygiene service,2007,0.0,Total,%,Total
Ivory Coast,CI,CIV,384,Proportion of health care facilities with no hygiene service,2008,0.0,Total,%,Total
Ivory Coast,CI,CIV,384,Proportion of health care facilities with no hygiene service,2009,0.0,Total,%,Total
Ivory Coast,CI,CIV,384,Proportion of health care facilities with no hygiene service,2010,0.0,Total,%,Total
Ivory Coast,CI,CIV,384,Proportion of health care facilities with no hygiene service,2011,0.0,Total,%,Total
Ivory Coast,CI,CIV,384,Proportion of health care facilities with no hygiene service,2012,0.0,Total,%,Total
Ivory Coast,CI,CIV,384,Proportion of health care facilities with no hygiene service,2013,0.0,Total,%,Total
Ivory Coast,CI,CIV,384,Proportion of health care facilities with no hygiene service,2014,0.0,Total,%,Total
Ivory Coast,CI,CIV,384,Proportion of health care facilities with no hygiene service,2015,0.0,Total,%,Total
Ivory Coast,CI,CIV,384,Proportion of health care facilities with no hygiene service,2016,0.0,Total,%,Total
Ivory Coast,CI,CIV,384,Proportion of health care facilities with no hygiene service,2017,1.402325,Total,%,Total
Ivory Coast,CI,CIV,384,Proportion of health care facilities with no hygiene service,2018,5.900475,Total,%,Total
Ivory Coast,CI,CIV,384,Proportion of health care facilities with no hygiene service,2019,10.398625,Total,%,Total
Ivory Coast,CI,CIV,384,Proportion of health care facilities with no hygiene service,2020,14.896775,Total,%,Total
Ivory Coast,CI,CIV,384,Proportion of health care facilities with no hygiene service,2021,19.394925,Total,%,Total
Ivory Coast,CI,CIV,384,Proportion of health care facilities with no hygiene service,2022,23.893075,Total,%,Total
Ivory Coast,CI,CIV,384,Proportion of health care facilities with no hygiene service,2023,28.391225,Total,%,Total
Egypt,EG,EGY,818,Proportion of health care facilities with no hygiene service,2000,0.15175,Total,%,Total
Egypt,EG,EGY,818,Proportion of health care facilities with no hygiene service,2001,0.15175,Total,%,Total
Egypt,EG,EGY,818,Proportion of health care facilities with no hygiene service,2002,0.15175,Total,%,Total
Egypt,EG,EGY,818,Proportion of health care facilities with no hygiene service,2003,0.15175,Total,%,Total
Egypt,EG,EGY,818,Proportion of health care facilities with no hygiene service,2004,0.15175,Total,%,Total
Egypt,EG,EGY,818,Proportion of health care facilities with no hygiene service,2005,0.15175,Total,%,Total
Egypt,EG,EGY,818,Proportion of health care facilities with no hygiene service,2006,0.15175,Total,%,Total
Egypt,EG,EGY,818,Proportion of health care facilities with no hygiene service,2007,0.15175,Total,%,Total
Egypt,EG,EGY,818,Proportion of health care facilities with no hygiene service,2008,0.15175,Total,%,Total
Egypt,EG,EGY,818,Proportion of health care facilities with no hygiene service,2009,0.15175,Total,%,Total
Egypt,EG,EGY,818,Proportion of health care facilities with no hygiene service,2010,0.15175,Total,%,Total
Egypt,EG,EGY,818,Proportion of health care facilities with no hygiene service,2011,0.15175,Total,%,Total
Egypt,EG,EGY,818,Proportion of health care facilities with no hygiene service,2012,0.15175,Total,%,Total
Egypt,EG,EGY,818,Proportion of health care facilities with no hygiene service,2013,0.15175,Total,%,Total
Egypt,EG,EGY,818,Proportion of health care facilities with no hygiene service,2014,0.15175,Total,%,Total
Egypt,EG,EGY,818,Proportion of health care facilities with no hygiene service,2015,0.15175,Total,%,Total
Egypt,EG,EGY,818,Proportion of health care facilities with no hygiene service,2016,0.15175,Total,%,Total
Egypt,EG,EGY,818,Proportion of health care facilities with no hygiene service,2017,0.15175,Total,%,Total
Egypt,EG,EGY,818,Proportion of health care facilities with no hygiene service,2018,0.15175,Total,%,Total
Egypt,EG,EGY,818,Proportion of health care facilities with no hygiene service,2019,0.15175,Total,%,Total
Egypt,EG,EGY,818,Proportion of health care facilities with no hygiene service,2020,0.15175,Total,%,Total
Egypt,EG,EGY,818,Proportion of health care facilities with no hygiene service,2021,0.15175,Total,%,Total
Egypt,EG,EGY,818,Proportion of health care facilities with no hygiene service,2022,0.15175,Total,%,Total
Egypt,EG,EGY,818,Proportion of health care facilities with no hygiene service,2023,0.15175,Total,%,Total
Estonia,EE,EST,233,Proportion of health care facilities with no hygiene service,2000,0.0,Total,%,Total
Estonia,EE,EST,233,Proportion of health care facilities with no hygiene service,2001,0.0,Total,%,Total
Estonia,EE,EST,233,Proportion of health care facilities with no hygiene service,2002,0.0,Total,%,Total
Estonia,EE,EST,233,Proportion of health care facilities with no hygiene service,2003,0.0,Total,%,Total
Estonia,EE,EST,233,Proportion of health care facilities with no hygiene service,2004,0.0,Total,%,Total
Estonia,EE,EST,233,Proportion of health care facilities with no hygiene service,2005,0.0,Total,%,Total
Estonia,EE,EST,233,Proportion of health care facilities with no hygiene service,2006,0.0,Total,%,Total
Estonia,EE,EST,233,Proportion of health care facilities with no hygiene service,2007,0.0,Total,%,Total
Estonia,EE,EST,233,Proportion of health care facilities with no hygiene service,2008,0.0,Total,%,Total
Estonia,EE,EST,233,Proportion of health care facilities with no hygiene service,2009,0.0,Total,%,Total
Estonia,EE,EST,233,Proportion of health care facilities with no hygiene service,2010,0.0,Total,%,Total
Estonia,EE,EST,233,Proportion of health care facilities with no hygiene service,2011,0.0,Total,%,Total
Estonia,EE,EST,233,Proportion of health care facilities with no hygiene service,2012,0.0,Total,%,Total
Estonia,EE,EST,233,Proportion of health care facilities with no hygiene service,2013,0.0,Total,%,Total
Estonia,EE,EST,233,Proportion of health care facilities with no hygiene service,2014,0.0,Total,%,Total
Estonia,EE,EST,233,Proportion of health care facilities with no hygiene service,2015,0.0,Total,%,Total
Estonia,EE,EST,233,Proportion of health care facilities with no hygiene service,2016,0.0,Total,%,Total
Estonia,EE,EST,233,Proportion of health care facilities with no hygiene service,2017,0.0,Total,%,Total
Estonia,EE,EST,233,Proportion of health care facilities with no hygiene service,2018,0.0,Total,%,Total
Estonia,EE,EST,233,Proportion of health care facilities with no hygiene service,2019,0.0,Total,%,Total
Estonia,EE,EST,233,Proportion of health care facilities with no hygiene service,2020,0.0,Total,%,Total
Estonia,EE,EST,233,Proportion of health care facilities with no hygiene service,2021,0.0,Total,%,Total
Estonia,EE,EST,233,Proportion of health care facilities with no hygiene service,2022,0.0,Total,%,Total
Estonia,EE,EST,233,Proportion of health care facilities with no hygiene service,2023,0.0,Total,%,Total
Ethiopia,ET,ETH,231,Proportion of health care facilities with no hygiene service,2008,1.229746224,Total,%,Total
Ethiopia,ET,ETH,231,Proportion of health care facilities with no hygiene service,2009,1.229746224,Total,%,Total
Ethiopia,ET,ETH,231,Proportion of health care facilities with no hygiene service,2010,1.229746224,Total,%,Total
Ethiopia,ET,ETH,231,Proportion of health care facilities with no hygiene service,2011,1.229746224,Total,%,Total
Ethiopia,ET,ETH,231,Proportion of health care facilities with no hygiene service,2012,1.229746224,Total,%,Total
Ethiopia,ET,ETH,231,Proportion of health care facilities with no hygiene service,2013,2.254454326,Total,%,Total
Ethiopia,ET,ETH,231,Proportion of health care facilities with no hygiene service,2014,3.279162429,Total,%,Total
Ethiopia,ET,ETH,231,Proportion of health care facilities with no hygiene service,2015,4.303870531,Total,%,Total
Ethiopia,ET,ETH,231,Proportion of health care facilities with no hygiene service,2016,5.328578633,Total,%,Total
Ethiopia,ET,ETH,231,Proportion of health care facilities with no hygiene service,2017,6.353286735,Total,%,Total
Ethiopia,ET,ETH,231,Proportion of health care facilities with no hygiene service,2018,7.377994837,Total,%,Total
Ethiopia,ET,ETH,231,Proportion of health care facilities with no hygiene service,2019,8.402702939,Total,%,Total
Ethiopia,ET,ETH,231,Proportion of health care facilities with no hygiene service,2020,9.427411041,Total,%,Total
Ethiopia,ET,ETH,231,Proportion of health care facilities with no hygiene service,2021,10.45211914,Total,%,Total
Ethiopia,ET,ETH,231,Proportion of health care facilities with no hygiene service,2022,11.47682724,Total,%,Total
Ethiopia,ET,ETH,231,Proportion of health care facilities with no hygiene service,2023,12.50153535,Total,%,Total
Fiji,FJ,FJI,242,Proportion of health care facilities with no hygiene service,2013,23.5,Total,%,Total
Fiji,FJ,FJI,242,Proportion of health care facilities with no hygiene service,2014,23.5,Total,%,Total
Fiji,FJ,FJI,242,Proportion of health care facilities with no hygiene service,2015,23.5,Total,%,Total
Fiji,FJ,FJI,242,Proportion of health care facilities with no hygiene service,2016,23.5,Total,%,Total
Fiji,FJ,FJI,242,Proportion of health care facilities with no hygiene service,2017,23.5,Total,%,Total
Fiji,FJ,FJI,242,Proportion of health care facilities with no hygiene service,2018,23.5,Total,%,Total
Fiji,FJ,FJI,242,Proportion of health care facilities with no hygiene service,2019,23.5,Total,%,Total
Fiji,FJ,FJI,242,Proportion of health care facilities with no hygiene service,2020,23.5,Total,%,Total
Fiji,FJ,FJI,242,Proportion of health care facilities with no hygiene service,2021,23.5,Total,%,Total
Georgia,GE,GEO,268,Proportion of health care facilities with no hygiene service,2017,7.916666667,Total,%,Total
Georgia,GE,GEO,268,Proportion of health care facilities with no hygiene service,2018,7.916666667,Total,%,Total
Georgia,GE,GEO,268,Proportion of health care facilities with no hygiene service,2019,7.916666667,Total,%,Total
Georgia,GE,GEO,268,Proportion of health care facilities with no hygiene service,2020,7.916666667,Total,%,Total
Georgia,GE,GEO,268,Proportion of health care facilities with no hygiene service,2021,7.916666667,Total,%,Total
Georgia,GE,GEO,268,Proportion of health care facilities with no hygiene service,2022,7.916666667,Total,%,Total
Georgia,GE,GEO,268,Proportion of health care facilities with no hygiene service,2023,7.916666667,Total,%,Total
Ghana,GH,GHA,288,Proportion of health care facilities with no hygiene service,2000,0.0,Total,%,Total
Ghana,GH,GHA,288,Proportion of health care facilities with no hygiene service,2001,0.0,Total,%,Total
Ghana,GH,GHA,288,Proportion of health care facilities with no hygiene service,2002,0.0,Total,%,Total
Ghana,GH,GHA,288,Proportion of health care facilities with no hygiene service,2003,0.0,Total,%,Total
Ghana,GH,GHA,288,Proportion of health care facilities with no hygiene service,2004,0.0,Total,%,Total
Ghana,GH,GHA,288,Proportion of health care facilities with no hygiene service,2005,0.0,Total,%,Total
Ghana,GH,GHA,288,Proportion of health care facilities with no hygiene service,2006,0.0,Total,%,Total
Ghana,GH,GHA,288,Proportion of health care facilities with no hygiene service,2007,0.0,Total,%,Total
Ghana,GH,GHA,288,Proportion of health care facilities with no hygiene service,2008,0.0,Total,%,Total
Ghana,GH,GHA,288,Proportion of health care facilities with no hygiene service,2009,0.0,Total,%,Total
Ghana,GH,GHA,288,Proportion of health care facilities with no hygiene service,2010,0.0,Total,%,Total
Ghana,GH,GHA,288,Proportion of health care facilities with no hygiene service,2011,0.0,Total,%,Total
Ghana,GH,GHA,288,Proportion of health care facilities with no hygiene service,2012,0.0,Total,%,Total
Ghana,GH,GHA,288,Proportion of health care facilities with no hygiene service,2013,0.0,Total,%,Total
Ghana,GH,GHA,288,Proportion of health care facilities with no hygiene service,2014,0.1156,Total,%,Total
Ghana,GH,GHA,288,Proportion of health care facilities with no hygiene service,2015,0.75695,Total,%,Total
Ghana,GH,GHA,288,Proportion of health care facilities with no hygiene service,2016,1.3983,Total,%,Total
Ghana,GH,GHA,288,Proportion of health care facilities with no hygiene service,2017,2.03965,Total,%,Total
Ghana,GH,GHA,288,Proportion of health care facilities with no hygiene service,2018,2.681,Total,%,Total
Ghana,GH,GHA,288,Proportion of health care facilities with no hygiene service,2019,3.32235,Total,%,Total
Ghana,GH,GHA,288,Proportion of health care facilities with no hygiene service,2020,3.32235,Total,%,Total
Ghana,GH,GHA,288,Proportion of health care facilities with no hygiene service,2021,3.32235,Total,%,Total
Ghana,GH,GHA,288,Proportion of health care facilities with no hygiene service,2022,3.32235,Total,%,Total
Ghana,GH,GHA,288,Proportion of health care facilities with no hygiene service,2023,3.32235,Total,%,Total
Guinea-Bissau,GW,GNB,624,Proportion of health care facilities with no hygiene service,2010,5.6211,Total,%,Total
Guinea-Bissau,GW,GNB,624,Proportion of health care facilities with no hygiene service,2011,5.6211,Total,%,Total
Guinea-Bissau,GW,GNB,624,Proportion of health care facilities with no hygiene service,2012,5.6211,Total,%,Total
Guinea-Bissau,GW,GNB,624,Proportion of health care facilities with no hygiene service,2013,5.6211,Total,%,Total
Guinea-Bissau,GW,GNB,624,Proportion of health care facilities with no hygiene service,2014,5.6211,Total,%,Total
Guinea-Bissau,GW,GNB,624,Proportion of health care facilities with no hygiene service,2015,5.250478571,Total,%,Total
Guinea-Bissau,GW,GNB,624,Proportion of health care facilities with no hygiene service,2016,4.879857143,Total,%,Total
Guinea-Bissau,GW,GNB,624,Proportion of health care facilities with no hygiene service,2017,4.509235714,Total,%,Total
Guinea-Bissau,GW,GNB,624,Proportion of health care facilities with no hygiene service,2018,4.138614286,Total,%,Total
Guinea-Bissau,GW,GNB,624,Proportion of health care facilities with no hygiene service,2019,3.767992857,Total,%,Total
Guinea-Bissau,GW,GNB,624,Proportion of health care facilities with no hygiene service,2020,3.397371429,Total,%,Total
Guinea-Bissau,GW,GNB,624,Proportion of health care facilities with no hygiene service,2021,3.02675,Total,%,Total
Guinea-Bissau,GW,GNB,624,Proportion of health care facilities with no hygiene service,2022,2.656128571,Total,%,Total
Guinea-Bissau,GW,GNB,624,Proportion of health care facilities with no hygiene service,2023,2.285507143,Total,%,Total
Haiti,HT,HTI,332,Proportion of health care facilities with no hygiene service,2009,27.9558,Total,%,Total
Haiti,HT,HTI,332,Proportion of health care facilities with no hygiene service,2010,27.9558,Total,%,Total
Haiti,HT,HTI,332,Proportion of health care facilities with no hygiene service,2011,27.9558,Total,%,Total
Haiti,HT,HTI,332,Proportion of health care facilities with no hygiene service,2012,27.9558,Total,%,Total
Haiti,HT,HTI,332,Proportion of health care facilities with no hygiene service,2013,27.9558,Total,%,Total
Haiti,HT,HTI,332,Proportion of health care facilities with no hygiene service,2014,27.9558,Total,%,Total
Haiti,HT,HTI,332,Proportion of health care facilities with no hygiene service,2015,27.9558,Total,%,Total
Haiti,HT,HTI,332,Proportion of health care facilities with no hygiene service,2016,27.9558,Total,%,Total
Haiti,HT,HTI,332,Proportion of health care facilities with no hygiene service,2017,27.9558,Total,%,Total
Honduras,HN,HND,340,Proportion of health care facilities with no hygiene service,2013,30.0,Total,%,Total
Honduras,HN,HND,340,Proportion of health care facilities with no hygiene service,2014,30.0,Total,%,Total
Honduras,HN,HND,340,Proportion of health care facilities with no hygiene service,2015,30.0,Total,%,Total
Honduras,HN,HND,340,Proportion of health care facilities with no hygiene service,2016,30.0,Total,%,Total
Honduras,HN,HND,340,Proportion of health care facilities with no hygiene service,2017,30.0,Total,%,Total
Honduras,HN,HND,340,Proportion of health care facilities with no hygiene service,2018,30.0,Total,%,Total
Honduras,HN,HND,340,Proportion of health care facilities with no hygiene service,2019,30.0,Total,%,Total
Honduras,HN,HND,340,Proportion of health care facilities with no hygiene service,2020,30.0,Total,%,Total
Honduras,HN,HND,340,Proportion of health care facilities with no hygiene service,2021,30.0,Total,%,Total
India,IN,IND,356,Proportion of health care facilities with no hygiene service,2000,76.99661429,Total,%,Total
India,IN,IND,356,Proportion of health care facilities with no hygiene service,2001,76.99661429,Total,%,Total
India,IN,IND,356,Proportion of health care facilities with no hygiene service,2002,76.99661429,Total,%,Total
India,IN,IND,356,Proportion of health care facilities with no hygiene service,2003,76.99661429,Total,%,Total
India,IN,IND,356,Proportion of health care facilities with no hygiene service,2004,73.79085714,Total,%,Total
India,IN,IND,356,Proportion of health care facilities with no hygiene service,2005,70.5851,Total,%,Total
India,IN,IND,356,Proportion of health care facilities with no hygiene service,2006,67.37934286,Total,%,Total
India,IN,IND,356,Proportion of health care facilities with no hygiene service,2007,64.17358571,Total,%,Total
India,IN,IND,356,Proportion of health care facilities with no hygiene service,2008,60.96782857,Total,%,Total
India,IN,IND,356,Proportion of health care facilities with no hygiene service,2009,57.76207143,Total,%,Total
India,IN,IND,356,Proportion of health care facilities with no hygiene service,2010,54.55631429,Total,%,Total
India,IN,IND,356,Proportion of health care facilities with no hygiene service,2011,51.35055714,Total,%,Total
India,IN,IND,356,Proportion of health care facilities with no hygiene service,2012,48.1448,Total,%,Total
India,IN,IND,356,Proportion of health care facilities with no hygiene service,2013,44.93904286,Total,%,Total
India,IN,IND,356,Proportion of health care facilities with no hygiene service,2014,41.73328571,Total,%,Total
India,IN,IND,356,Proportion of health care facilities with no hygiene service,2015,41.73328571,Total,%,Total
India,IN,IND,356,Proportion of health care facilities with no hygiene service,2016,41.73328571,Total,%,Total
India,IN,IND,356,Proportion of health care facilities with no hygiene service,2017,41.73328571,Total,%,Total
India,IN,IND,356,Proportion of health care facilities with no hygiene service,2018,41.73328571,Total,%,Total
Indonesia,ID,IDN,360,Proportion of health care facilities with no hygiene service,2009,0.87115,Total,%,Total
Indonesia,ID,IDN,360,Proportion of health care facilities with no hygiene service,2010,0.87115,Total,%,Total
Indonesia,ID,IDN,360,Proportion of health care facilities with no hygiene service,2011,0.87115,Total,%,Total
Indonesia,ID,IDN,360,Proportion of health care facilities with no hygiene service,2012,0.87115,Total,%,Total
Indonesia,ID,IDN,360,Proportion of health care facilities with no hygiene service,2013,0.87115,Total,%,Total
Indonesia,ID,IDN,360,Proportion of health care facilities with no hygiene service,2014,0.87115,Total,%,Total
Indonesia,ID,IDN,360,Proportion of health care facilities with no hygiene service,2015,0.87115,Total,%,Total
Indonesia,ID,IDN,360,Proportion of health care facilities with no hygiene service,2016,0.87115,Total,%,Total
Indonesia,ID,IDN,360,Proportion of health care facilities with no hygiene service,2017,0.87115,Total,%,Total
Indonesia,ID,IDN,360,Proportion of health care facilities with no hygiene service,2018,0.87115,Total,%,Total
Indonesia,ID,IDN,360,Proportion of health care facilities with no hygiene service,2019,0.87115,Total,%,Total
Indonesia,ID,IDN,360,Proportion of health care facilities with no hygiene service,2020,0.87115,Total,%,Total
Indonesia,ID,IDN,360,Proportion of health care facilities with no hygiene service,2021,0.87115,Total,%,Total
Indonesia,ID,IDN,360,Proportion of health care facilities with no hygiene service,2022,0.87115,Total,%,Total
Indonesia,ID,IDN,360,Proportion of health care facilities with no hygiene service,2023,0.87115,Total,%,Total
"Iran, Islamic Republic of",IR,IRN,364,Proportion of health care facilities with no hygiene service,2017,2.4259,Total,%,Total
"Iran, Islamic Republic of",IR,IRN,364,Proportion of health care facilities with no hygiene service,2018,2.4259,Total,%,Total
"Iran, Islamic Republic of",IR,IRN,364,Proportion of health care facilities with no hygiene service,2019,2.4259,Total,%,Total
"Iran, Islamic Republic of",IR,IRN,364,Proportion of health care facilities with no hygiene service,2020,2.4259,Total,%,Total
"Iran, Islamic Republic of",IR,IRN,364,Proportion of health care facilities with no hygiene service,2021,2.4259,Total,%,Total
"Iran, Islamic Republic of",IR,IRN,364,Proportion of health care facilities with no hygiene service,2022,2.4259,Total,%,Total
"Iran, Islamic Republic of",IR,IRN,364,Proportion of health care facilities with no hygiene service,2023,2.4259,Total,%,Total
Iraq,IQ,IRQ,368,Proportion of health care facilities with no hygiene service,2017,25.3035,Total,%,Total
Iraq,IQ,IRQ,368,Proportion of health care facilities with no hygiene service,2018,25.3035,Total,%,Total
Iraq,IQ,IRQ,368,Proportion of health care facilities with no hygiene service,2019,25.3035,Total,%,Total
Iraq,IQ,IRQ,368,Proportion of health care facilities with no hygiene service,2020,25.3035,Total,%,Total
Iraq,IQ,IRQ,368,Proportion of health care facilities with no hygiene service,2021,25.3035,Total,%,Total
Iraq,IQ,IRQ,368,Proportion of health care facilities with no hygiene service,2022,25.3035,Total,%,Total
Iraq,IQ,IRQ,368,Proportion of health care facilities with no hygiene service,2023,25.3035,Total,%,Total
Kenya,KE,KEN,404,Proportion of health care facilities with no hygiene service,2008,1.648351798,Total,%,Total
Kenya,KE,KEN,404,Proportion of health care facilities with no hygiene service,2009,1.648351798,Total,%,Total
Kenya,KE,KEN,404,Proportion of health care facilities with no hygiene service,2010,1.648351798,Total,%,Total
Kenya,KE,KEN,404,Proportion of health care facilities with no hygiene service,2011,1.648351798,Total,%,Total
Kenya,KE,KEN,404,Proportion of health care facilities with no hygiene service,2012,1.648351798,Total,%,Total
Kenya,KE,KEN,404,Proportion of health care facilities with no hygiene service,2013,1.812850593,Total,%,Total
Kenya,KE,KEN,404,Proportion of health care facilities with no hygiene service,2014,1.977349388,Total,%,Total
Kenya,KE,KEN,404,Proportion of health care facilities with no hygiene service,2015,2.141848183,Total,%,Total
Kenya,KE,KEN,404,Proportion of health care facilities with no hygiene service,2016,2.306346978,Total,%,Total
Kenya,KE,KEN,404,Proportion of health care facilities with no hygiene service,2017,2.470845772,Total,%,Total
Kenya,KE,KEN,404,Proportion of health care facilities with no hygiene service,2018,2.635344567,Total,%,Total
Kenya,KE,KEN,404,Proportion of health care facilities with no hygiene service,2019,2.799843362,Total,%,Total
Kenya,KE,KEN,404,Proportion of health care facilities with no hygiene service,2020,2.964342157,Total,%,Total
Kenya,KE,KEN,404,Proportion of health care facilities with no hygiene service,2021,3.128840952,Total,%,Total
Kenya,KE,KEN,404,Proportion of health care facilities with no hygiene service,2022,3.293339747,Total,%,Total
Kenya,KE,KEN,404,Proportion of health care facilities with no hygiene service,2023,3.457838542,Total,%,Total
Kiribati,KI,KIR,296,Proportion of health care facilities with no hygiene service,2019,8.3333,Total,%,Total
Kiribati,KI,KIR,296,Proportion of health care facilities with no hygiene service,2020,8.3333,Total,%,Total
Kiribati,KI,KIR,296,Proportion of health care facilities with no hygiene service,2021,8.3333,Total,%,Total
Kiribati,KI,KIR,296,Proportion of health care facilities with no hygiene service,2022,8.3333,Total,%,Total
Kiribati,KI,KIR,296,Proportion of health care facilities with no hygiene service,2023,8.3333,Total,%,Total
Kuwait,KW,KWT,414,Proportion of health care facilities with no hygiene service,2000,0.0,Total,%,Total
Kuwait,KW,KWT,414,Proportion of health care facilities with no hygiene service,2001,0.0,Total,%,Total
Kuwait,KW,KWT,414,Proportion of health care facilities with no hygiene service,2002,0.0,Total,%,Total
Kuwait,KW,KWT,414,Proportion of health care facilities with no hygiene service,2003,0.0,Total,%,Total
Kuwait,KW,KWT,414,Proportion of health care facilities with no hygiene service,2004,0.0,Total,%,Total
Kuwait,KW,KWT,414,Proportion of health care facilities with no hygiene service,2005,0.0,Total,%,Total
Kuwait,KW,KWT,414,Proportion of health care facilities with no hygiene service,2006,0.0,Total,%,Total
Kuwait,KW,KWT,414,Proportion of health care facilities with no hygiene service,2007,0.0,Total,%,Total
Kuwait,KW,KWT,414,Proportion of health care facilities with no hygiene service,2008,0.0,Total,%,Total
Kuwait,KW,KWT,414,Proportion of health care facilities with no hygiene service,2009,0.0,Total,%,Total
Kuwait,KW,KWT,414,Proportion of health care facilities with no hygiene service,2010,0.0,Total,%,Total
Kuwait,KW,KWT,414,Proportion of health care facilities with no hygiene service,2011,0.0,Total,%,Total
Kuwait,KW,KWT,414,Proportion of health care facilities with no hygiene service,2012,0.0,Total,%,Total
Kuwait,KW,KWT,414,Proportion of health care facilities with no hygiene service,2013,0.0,Total,%,Total
Kuwait,KW,KWT,414,Proportion of health care facilities with no hygiene service,2014,0.0,Total,%,Total
Kuwait,KW,KWT,414,Proportion of health care facilities with no hygiene service,2015,0.0,Total,%,Total
Kuwait,KW,KWT,414,Proportion of health care facilities with no hygiene service,2016,0.0,Total,%,Total
Kuwait,KW,KWT,414,Proportion of health care facilities with no hygiene service,2017,0.0,Total,%,Total
Kuwait,KW,KWT,414,Proportion of health care facilities with no hygiene service,2018,0.0,Total,%,Total
Kuwait,KW,KWT,414,Proportion of health care facilities with no hygiene service,2019,0.0,Total,%,Total
Kuwait,KW,KWT,414,Proportion of health care facilities with no hygiene service,2020,0.0,Total,%,Total
Kuwait,KW,KWT,414,Proportion of health care facilities with no hygiene service,2021,0.0,Total,%,Total
Kuwait,KW,KWT,414,Proportion of health care facilities with no hygiene service,2022,0.0,Total,%,Total
Kuwait,KW,KWT,414,Proportion of health care facilities with no hygiene service,2023,0.0,Total,%,Total
Lao People's Democratic Republic,LA,LAO,418,Proportion of health care facilities with no hygiene service,2018,62.5911,Total,%,Total
Lao People's Democratic Republic,LA,LAO,418,Proportion of health care facilities with no hygiene service,2019,62.5911,Total,%,Total
Lao People's Democratic Republic,LA,LAO,418,Proportion of health care facilities with no hygiene service,2020,62.5911,Total,%,Total
Lao People's Democratic Republic,LA,LAO,418,Proportion of health care facilities with no hygiene service,2021,62.5911,Total,%,Total
Lao People's Democratic Republic,LA,LAO,418,Proportion of health care facilities with no hygiene service,2022,62.5911,Total,%,Total
Lao People's Democratic Republic,LA,LAO,418,Proportion of health care facilities with no hygiene service,2023,62.5911,Total,%,Total
Lebanon,LB,LBN,422,Proportion of health care facilities with no hygiene service,2013,0.6,Total,%,Total
Lebanon,LB,LBN,422,Proportion of health care facilities with no hygiene service,2014,0.6,Total,%,Total
Lebanon,LB,LBN,422,Proportion of health care facilities with no hygiene service,2015,0.6,Total,%,Total
Lebanon,LB,LBN,422,Proportion of health care facilities with no hygiene service,2016,0.6,Total,%,Total
Lebanon,LB,LBN,422,Proportion of health care facilities with no hygiene service,2017,0.6,Total,%,Total
Lebanon,LB,LBN,422,Proportion of health care facilities with no hygiene service,2018,0.6,Total,%,Total
Lebanon,LB,LBN,422,Proportion of health care facilities with no hygiene service,2019,0.6,Total,%,Total
Lebanon,LB,LBN,422,Proportion of health care facilities with no hygiene service,2020,0.6,Total,%,Total
Lebanon,LB,LBN,422,Proportion of health care facilities with no hygiene service,2021,0.6,Total,%,Total
Lithuania,LT,LTU,440,Proportion of health care facilities with no hygiene service,2000,0.0,Total,%,Total
Lithuania,LT,LTU,440,Proportion of health care facilities with no hygiene service,2001,0.0,Total,%,Total
Lithuania,LT,LTU,440,Proportion of health care facilities with no hygiene service,2002,0.0,Total,%,Total
Lithuania,LT,LTU,440,Proportion of health care facilities with no hygiene service,2003,0.0,Total,%,Total
Lithuania,LT,LTU,440,Proportion of health care facilities with no hygiene service,2004,0.0,Total,%,Total
Lithuania,LT,LTU,440,Proportion of health care facilities with no hygiene service,2005,0.0,Total,%,Total
Lithuania,LT,LTU,440,Proportion of health care facilities with no hygiene service,2006,0.0,Total,%,Total
Lithuania,LT,LTU,440,Proportion of health care facilities with no hygiene service,2007,0.0,Total,%,Total
Lithuania,LT,LTU,440,Proportion of health care facilities with no hygiene service,2008,0.0,Total,%,Total
Lithuania,LT,LTU,440,Proportion of health care facilities with no hygiene service,2009,0.0,Total,%,Total
Lithuania,LT,LTU,440,Proportion of health care facilities with no hygiene service,2010,0.0,Total,%,Total
Lithuania,LT,LTU,440,Proportion of health care facilities with no hygiene service,2011,0.0,Total,%,Total
Lithuania,LT,LTU,440,Proportion of health care facilities with no hygiene service,2012,0.0,Total,%,Total
Lithuania,LT,LTU,440,Proportion of health care facilities with no hygiene service,2013,0.0,Total,%,Total
Lithuania,LT,LTU,440,Proportion of health care facilities with no hygiene service,2014,0.0,Total,%,Total
Lithuania,LT,LTU,440,Proportion of health care facilities with no hygiene service,2015,0.0,Total,%,Total
Lithuania,LT,LTU,440,Proportion of health care facilities with no hygiene service,2016,0.0,Total,%,Total
Lithuania,LT,LTU,440,Proportion of health care facilities with no hygiene service,2017,0.0,Total,%,Total
Lithuania,LT,LTU,440,Proportion of health care facilities with no hygiene service,2018,0.0,Total,%,Total
Lithuania,LT,LTU,440,Proportion of health care facilities with no hygiene service,2019,0.0,Total,%,Total
Lithuania,LT,LTU,440,Proportion of health care facilities with no hygiene service,2020,0.0,Total,%,Total
Lithuania,LT,LTU,440,Proportion of health care facilities with no hygiene service,2021,0.0,Total,%,Total
Lithuania,LT,LTU,440,Proportion of health care facilities with no hygiene service,2022,0.0,Total,%,Total
Lithuania,LT,LTU,440,Proportion of health care facilities with no hygiene service,2023,0.0,Total,%,Total
Malawi,MW,MWI,454,Proportion of health care facilities with no hygiene service,2013,31.8681,Total,%,Total
Malawi,MW,MWI,454,Proportion of health care facilities with no hygiene service,2014,31.8681,Total,%,Total
Malawi,MW,MWI,454,Proportion of health care facilities with no hygiene service,2015,31.8681,Total,%,Total
Malawi,MW,MWI,454,Proportion of health care facilities with no hygiene service,2016,31.8681,Total,%,Total
Malawi,MW,MWI,454,Proportion of health care facilities with no hygiene service,2017,31.8681,Total,%,Total
Malawi,MW,MWI,454,Proportion of health care facilities with no hygiene service,2018,31.8681,Total,%,Total
Malawi,MW,MWI,454,Proportion of health care facilities with no hygiene service,2019,31.8681,Total,%,Total
Malawi,MW,MWI,454,Proportion of health care facilities with no hygiene service,2020,31.8681,Total,%,Total
Malawi,MW,MWI,454,Proportion of health care facilities with no hygiene service,2021,31.8681,Total,%,Total
Malaysia,MY,MYS,458,Proportion of health care facilities with no hygiene service,2000,0.0,Total,%,Total
Malaysia,MY,MYS,458,Proportion of health care facilities with no hygiene service,2001,0.0,Total,%,Total
Malaysia,MY,MYS,458,Proportion of health care facilities with no hygiene service,2002,0.0,Total,%,Total
Malaysia,MY,MYS,458,Proportion of health care facilities with no hygiene service,2003,0.0,Total,%,Total
Malaysia,MY,MYS,458,Proportion of health care facilities with no hygiene service,2004,0.0,Total,%,Total
Malaysia,MY,MYS,458,Proportion of health care facilities with no hygiene service,2005,0.0,Total,%,Total
Malaysia,MY,MYS,458,Proportion of health care facilities with no hygiene service,2006,0.0,Total,%,Total
Malaysia,MY,MYS,458,Proportion of health care facilities with no hygiene service,2007,0.0,Total,%,Total
Malaysia,MY,MYS,458,Proportion of health care facilities with no hygiene service,2008,0.0,Total,%,Total
Malaysia,MY,MYS,458,Proportion of health care facilities with no hygiene service,2009,0.0,Total,%,Total
Malaysia,MY,MYS,458,Proportion of health care facilities with no hygiene service,2010,0.0,Total,%,Total
Malaysia,MY,MYS,458,Proportion of health care facilities with no hygiene service,2011,0.0,Total,%,Total
Malaysia,MY,MYS,458,Proportion of health care facilities with no hygiene service,2012,0.0,Total,%,Total
Malaysia,MY,MYS,458,Proportion of health care facilities with no hygiene service,2013,0.0,Total,%,Total
Malaysia,MY,MYS,458,Proportion of health care facilities with no hygiene service,2014,0.0,Total,%,Total
Malaysia,MY,MYS,458,Proportion of health care facilities with no hygiene service,2015,0.0,Total,%,Total
Malaysia,MY,MYS,458,Proportion of health care facilities with no hygiene service,2016,0.0,Total,%,Total
Malaysia,MY,MYS,458,Proportion of health care facilities with no hygiene service,2017,0.0,Total,%,Total
Malaysia,MY,MYS,458,Proportion of health care facilities with no hygiene service,2018,0.0,Total,%,Total
Malaysia,MY,MYS,458,Proportion of health care facilities with no hygiene service,2019,0.0,Total,%,Total
Malaysia,MY,MYS,458,Proportion of health care facilities with no hygiene service,2020,0.0,Total,%,Total
Malaysia,MY,MYS,458,Proportion of health care facilities with no hygiene service,2021,0.0,Total,%,Total
Malaysia,MY,MYS,458,Proportion of health care facilities with no hygiene service,2022,0.0,Total,%,Total
Malaysia,MY,MYS,458,Proportion of health care facilities with no hygiene service,2023,0.0,Total,%,Total
Maldives,MV,MDV,462,Proportion of health care facilities with no hygiene service,2000,0.0,Total,%,Total
Maldives,MV,MDV,462,Proportion of health care facilities with no hygiene service,2001,0.0,Total,%,Total
Maldives,MV,MDV,462,Proportion of health care facilities with no hygiene service,2002,0.0,Total,%,Total
Maldives,MV,MDV,462,Proportion of health care facilities with no hygiene service,2003,0.0,Total,%,Total
Maldives,MV,MDV,462,Proportion of health care facilities with no hygiene service,2004,0.0,Total,%,Total
Maldives,MV,MDV,462,Proportion of health care facilities with no hygiene service,2005,0.0,Total,%,Total
Maldives,MV,MDV,462,Proportion of health care facilities with no hygiene service,2006,0.0,Total,%,Total
Maldives,MV,MDV,462,Proportion of health care facilities with no hygiene service,2007,0.0,Total,%,Total
Maldives,MV,MDV,462,Proportion of health care facilities with no hygiene service,2008,0.0,Total,%,Total
Maldives,MV,MDV,462,Proportion of health care facilities with no hygiene service,2009,0.0,Total,%,Total
Maldives,MV,MDV,462,Proportion of health care facilities with no hygiene service,2010,0.0,Total,%,Total
Maldives,MV,MDV,462,Proportion of health care facilities with no hygiene service,2011,0.0,Total,%,Total
Maldives,MV,MDV,462,Proportion of health care facilities with no hygiene service,2012,0.0,Total,%,Total
Maldives,MV,MDV,462,Proportion of health care facilities with no hygiene service,2013,0.0,Total,%,Total
Maldives,MV,MDV,462,Proportion of health care facilities with no hygiene service,2014,0.0,Total,%,Total
Maldives,MV,MDV,462,Proportion of health care facilities with no hygiene service,2015,0.0,Total,%,Total
Maldives,MV,MDV,462,Proportion of health care facilities with no hygiene service,2016,0.0,Total,%,Total
Maldives,MV,MDV,462,Proportion of health care facilities with no hygiene service,2017,0.0,Total,%,Total
Maldives,MV,MDV,462,Proportion of health care facilities with no hygiene service,2018,0.0,Total,%,Total
Maldives,MV,MDV,462,Proportion of health care facilities with no hygiene service,2019,0.0,Total,%,Total
Maldives,MV,MDV,462,Proportion of health care facilities with no hygiene service,2020,0.0,Total,%,Total
Maldives,MV,MDV,462,Proportion of health care facilities with no hygiene service,2021,0.0,Total,%,Total
Maldives,MV,MDV,462,Proportion of health care facilities with no hygiene service,2022,0.0,Total,%,Total
Maldives,MV,MDV,462,Proportion of health care facilities with no hygiene service,2023,0.0,Total,%,Total
Malta,MT,MLT,470,Proportion of health care facilities with no hygiene service,2000,0.0,Total,%,Total
Malta,MT,MLT,470,Proportion of health care facilities with no hygiene service,2001,0.0,Total,%,Total
Malta,MT,MLT,470,Proportion of health care facilities with no hygiene service,2002,0.0,Total,%,Total
Malta,MT,MLT,470,Proportion of health care facilities with no hygiene service,2003,0.0,Total,%,Total
Malta,MT,MLT,470,Proportion of health care facilities with no hygiene service,2004,0.0,Total,%,Total
Malta,MT,MLT,470,Proportion of health care facilities with no hygiene service,2005,0.0,Total,%,Total
Malta,MT,MLT,470,Proportion of health care facilities with no hygiene service,2006,0.0,Total,%,Total
Malta,MT,MLT,470,Proportion of health care facilities with no hygiene service,2007,0.0,Total,%,Total
Malta,MT,MLT,470,Proportion of health care facilities with no hygiene service,2008,0.0,Total,%,Total
Malta,MT,MLT,470,Proportion of health care facilities with no hygiene service,2009,0.0,Total,%,Total
Malta,MT,MLT,470,Proportion of health care facilities with no hygiene service,2010,0.0,Total,%,Total
Malta,MT,MLT,470,Proportion of health care facilities with no hygiene service,2011,0.0,Total,%,Total
Malta,MT,MLT,470,Proportion of health care facilities with no hygiene service,2012,0.0,Total,%,Total
Malta,MT,MLT,470,Proportion of health care facilities with no hygiene service,2013,0.0,Total,%,Total
Malta,MT,MLT,470,Proportion of health care facilities with no hygiene service,2014,0.0,Total,%,Total
Malta,MT,MLT,470,Proportion of health care facilities with no hygiene service,2015,0.0,Total,%,Total
Malta,MT,MLT,470,Proportion of health care facilities with no hygiene service,2016,0.0,Total,%,Total
Malta,MT,MLT,470,Proportion of health care facilities with no hygiene service,2017,0.0,Total,%,Total
Malta,MT,MLT,470,Proportion of health care facilities with no hygiene service,2018,0.0,Total,%,Total
Malta,MT,MLT,470,Proportion of health care facilities with no hygiene service,2019,0.0,Total,%,Total
Malta,MT,MLT,470,Proportion of health care facilities with no hygiene service,2020,0.0,Total,%,Total
Malta,MT,MLT,470,Proportion of health care facilities with no hygiene service,2021,0.0,Total,%,Total
Malta,MT,MLT,470,Proportion of health care facilities with no hygiene service,2022,0.0,Total,%,Total
Malta,MT,MLT,470,Proportion of health care facilities with no hygiene service,2023,0.0,Total,%,Total
"Micronesia, Federated States of",FM,FSM,583,Proportion of health care facilities with no hygiene service,2017,30.303,Total,%,Total
"Micronesia, Federated States of",FM,FSM,583,Proportion of health care facilities with no hygiene service,2018,30.303,Total,%,Total
"Micronesia, Federated States of",FM,FSM,583,Proportion of health care facilities with no hygiene service,2019,30.303,Total,%,Total
"Micronesia, Federated States of",FM,FSM,583,Proportion of health care facilities with no hygiene service,2020,30.303,Total,%,Total
"Micronesia, Federated States of",FM,FSM,583,Proportion of health care facilities with no hygiene service,2021,30.303,Total,%,Total
"Micronesia, Federated States of",FM,FSM,583,Proportion of health care facilities with no hygiene service,2022,30.303,Total,%,Total
"Micronesia, Federated States of",FM,FSM,583,Proportion of health care facilities with no hygiene service,2023,30.303,Total,%,Total
Mongolia,MN,MNG,496,Proportion of health care facilities with no hygiene service,2000,0.0,Total,%,Total
Mongolia,MN,MNG,496,Proportion of health care facilities with no hygiene service,2001,0.0,Total,%,Total
Mongolia,MN,MNG,496,Proportion of health care facilities with no hygiene service,2002,0.0,Total,%,Total
Mongolia,MN,MNG,496,Proportion of health care facilities with no hygiene service,2003,0.0,Total,%,Total
Mongolia,MN,MNG,496,Proportion of health care facilities with no hygiene service,2004,0.0,Total,%,Total
Mongolia,MN,MNG,496,Proportion of health care facilities with no hygiene service,2005,0.0,Total,%,Total
Mongolia,MN,MNG,496,Proportion of health care facilities with no hygiene service,2006,0.0,Total,%,Total
Mongolia,MN,MNG,496,Proportion of health care facilities with no hygiene service,2007,0.0,Total,%,Total
Mongolia,MN,MNG,496,Proportion of health care facilities with no hygiene service,2008,0.0,Total,%,Total
Mongolia,MN,MNG,496,Proportion of health care facilities with no hygiene service,2009,0.0,Total,%,Total
Mongolia,MN,MNG,496,Proportion of health care facilities with no hygiene service,2010,0.0,Total,%,Total
Mongolia,MN,MNG,496,Proportion of health care facilities with no hygiene service,2011,0.0,Total,%,Total
Mongolia,MN,MNG,496,Proportion of health care facilities with no hygiene service,2012,0.0,Total,%,Total
Mongolia,MN,MNG,496,Proportion of health care facilities with no hygiene service,2013,0.0,Total,%,Total
Mongolia,MN,MNG,496,Proportion of health care facilities with no hygiene service,2014,0.0,Total,%,Total
Mongolia,MN,MNG,496,Proportion of health care facilities with no hygiene service,2015,0.0,Total,%,Total
Mongolia,MN,MNG,496,Proportion of health care facilities with no hygiene service,2016,0.0,Total,%,Total
Mongolia,MN,MNG,496,Proportion of health care facilities with no hygiene service,2017,0.0,Total,%,Total
Mongolia,MN,MNG,496,Proportion of health care facilities with no hygiene service,2018,0.0,Total,%,Total
Mongolia,MN,MNG,496,Proportion of health care facilities with no hygiene service,2019,0.0,Total,%,Total
Mongolia,MN,MNG,496,Proportion of health care facilities with no hygiene service,2020,0.0,Total,%,Total
Mongolia,MN,MNG,496,Proportion of health care facilities with no hygiene service,2021,0.0,Total,%,Total
Mongolia,MN,MNG,496,Proportion of health care facilities with no hygiene service,2022,0.0,Total,%,Total
Mongolia,MN,MNG,496,Proportion of health care facilities with no hygiene service,2023,0.0,Total,%,Total
Morocco,MA,MAR,504,Proportion of health care facilities with no hygiene service,2018,17.1304,Total,%,Total
Morocco,MA,MAR,504,Proportion of health care facilities with no hygiene service,2019,17.1304,Total,%,Total
Morocco,MA,MAR,504,Proportion of health care facilities with no hygiene service,2020,17.1304,Total,%,Total
Morocco,MA,MAR,504,Proportion of health care facilities with no hygiene service,2021,17.1304,Total,%,Total
Morocco,MA,MAR,504,Proportion of health care facilities with no hygiene service,2022,17.1304,Total,%,Total
Morocco,MA,MAR,504,Proportion of health care facilities with no hygiene service,2023,17.1304,Total,%,Total
Nepal,NP,NPL,524,Proportion of health care facilities with no hygiene service,2017,7.0431,Total,%,Total
Nepal,NP,NPL,524,Proportion of health care facilities with no hygiene service,2018,7.0431,Total,%,Total
Nepal,NP,NPL,524,Proportion of health care facilities with no hygiene service,2019,7.0431,Total,%,Total
Nepal,NP,NPL,524,Proportion of health care facilities with no hygiene service,2020,7.0431,Total,%,Total
Nepal,NP,NPL,524,Proportion of health care facilities with no hygiene service,2021,7.0431,Total,%,Total
Nepal,NP,NPL,524,Proportion of health care facilities with no hygiene service,2022,7.0431,Total,%,Total
Nepal,NP,NPL,524,Proportion of health care facilities with no hygiene service,2023,7.0431,Total,%,Total
Nicaragua,NI,NIC,558,Proportion of health care facilities with no hygiene service,2012,9.921,Total,%,Total
Nicaragua,NI,NIC,558,Proportion of health care facilities with no hygiene service,2013,9.921,Total,%,Total
Nicaragua,NI,NIC,558,Proportion of health care facilities with no hygiene service,2014,9.921,Total,%,Total
Nicaragua,NI,NIC,558,Proportion of health care facilities with no hygiene service,2015,9.921,Total,%,Total
Nicaragua,NI,NIC,558,Proportion of health care facilities with no hygiene service,2016,9.921,Total,%,Total
Nicaragua,NI,NIC,558,Proportion of health care facilities with no hygiene service,2017,9.921,Total,%,Total
Nicaragua,NI,NIC,558,Proportion of health care facilities with no hygiene service,2018,9.921,Total,%,Total
Nicaragua,NI,NIC,558,Proportion of health care facilities with no hygiene service,2019,9.921,Total,%,Total
Nicaragua,NI,NIC,558,Proportion of health care facilities with no hygiene service,2020,9.921,Total,%,Total
Nicaragua,NI,NIC,558,Proportion of health care facilities with no hygiene service,2021,9.921,Total,%,Total
Nicaragua,NI,NIC,558,Proportion of health care facilities with no hygiene service,2022,9.921,Total,%,Total
Nicaragua,NI,NIC,558,Proportion of health care facilities with no hygiene service,2023,9.921,Total,%,Total
Niger,NE,NER,562,Proportion of health care facilities with no hygiene service,2000,0.0,Total,%,Total
Niger,NE,NER,562,Proportion of health care facilities with no hygiene service,2001,0.0,Total,%,Total
Niger,NE,NER,562,Proportion of health care facilities with no hygiene service,2002,0.0,Total,%,Total
Niger,NE,NER,562,Proportion of health care facilities with no hygiene service,2003,0.0,Total,%,Total
Niger,NE,NER,562,Proportion of health care facilities with no hygiene service,2004,0.0,Total,%,Total
Niger,NE,NER,562,Proportion of health care facilities with no hygiene service,2005,0.0,Total,%,Total
Niger,NE,NER,562,Proportion of health care facilities with no hygiene service,2006,0.0,Total,%,Total
Niger,NE,NER,562,Proportion of health care facilities with no hygiene service,2007,0.0,Total,%,Total
Niger,NE,NER,562,Proportion of health care facilities with no hygiene service,2008,0.0,Total,%,Total
Niger,NE,NER,562,Proportion of health care facilities with no hygiene service,2009,0.0,Total,%,Total
Niger,NE,NER,562,Proportion of health care facilities with no hygiene service,2010,0.0,Total,%,Total
Niger,NE,NER,562,Proportion of health care facilities with no hygiene service,2011,0.0,Total,%,Total
Niger,NE,NER,562,Proportion of health care facilities with no hygiene service,2012,0.0,Total,%,Total
Niger,NE,NER,562,Proportion of health care facilities with no hygiene service,2013,0.0,Total,%,Total
Niger,NE,NER,562,Proportion of health care facilities with no hygiene service,2014,0.0,Total,%,Total
Niger,NE,NER,562,Proportion of health care facilities with no hygiene service,2015,0.0,Total,%,Total
Niger,NE,NER,562,Proportion of health care facilities with no hygiene service,2016,0.0,Total,%,Total
Niger,NE,NER,562,Proportion of health care facilities with no hygiene service,2017,0.996556701,Total,%,Total
Niger,NE,NER,562,Proportion of health care facilities with no hygiene service,2018,2.663972165,Total,%,Total
Niger,NE,NER,562,Proportion of health care facilities with no hygiene service,2019,4.331387629,Total,%,Total
Niger,NE,NER,562,Proportion of health care facilities with no hygiene service,2020,5.998803093,Total,%,Total
Niger,NE,NER,562,Proportion of health care facilities with no hygiene service,2021,7.666218557,Total,%,Total
Niger,NE,NER,562,Proportion of health care facilities with no hygiene service,2022,9.333634021,Total,%,Total
Niger,NE,NER,562,Proportion of health care facilities with no hygiene service,2023,11.00104948,Total,%,Total
Nigeria,NG,NGA,566,Proportion of health care facilities with no hygiene service,2010,9.073794068,Total,%,Total
Nigeria,NG,NGA,566,Proportion of health care facilities with no hygiene service,2011,9.073794068,Total,%,Total
Nigeria,NG,NGA,566,Proportion of health care facilities with no hygiene service,2012,9.073794068,Total,%,Total
Nigeria,NG,NGA,566,Proportion of health care facilities with no hygiene service,2013,9.073794068,Total,%,Total
Nigeria,NG,NGA,566,Proportion of health care facilities with no hygiene service,2014,9.073794068,Total,%,Total
Nigeria,NG,NGA,566,Proportion of health care facilities with no hygiene service,2015,9.926347458,Total,%,Total
Nigeria,NG,NGA,566,Proportion of health care facilities with no hygiene service,2016,10.77890085,Total,%,Total
Nigeria,NG,NGA,566,Proportion of health care facilities with no hygiene service,2017,11.63145424,Total,%,Total
Nigeria,NG,NGA,566,Proportion of health care facilities with no hygiene service,2018,12.48400763,Total,%,Total
Nigeria,NG,NGA,566,Proportion of health care facilities with no hygiene service,2019,13.33656102,Total,%,Total
Nigeria,NG,NGA,566,Proportion of health care facilities with no hygiene service,2020,14.18911441,Total,%,Total
Nigeria,NG,NGA,566,Proportion of health care facilities with no hygiene service,2021,15.0416678,Total,%,Total
Nigeria,NG,NGA,566,Proportion of health care facilities with no hygiene service,2022,15.89422119,Total,%,Total
Nigeria,NG,NGA,566,Proportion of health care facilities with no hygiene service,2023,16.74677458,Total,%,Total
"Macedonia, the former Yugoslav Republic of",MK,MKD,807,Proportion of health care facilities with no hygiene service,2000,0.0,Total,%,Total
"Macedonia, the former Yugoslav Republic of",MK,MKD,807,Proportion of health care facilities with no hygiene service,2001,0.0,Total,%,Total
"Macedonia, the former Yugoslav Republic of",MK,MKD,807,Proportion of health care facilities with no hygiene service,2002,0.0,Total,%,Total
"Macedonia, the former Yugoslav Republic of",MK,MKD,807,Proportion of health care facilities with no hygiene service,2003,0.0,Total,%,Total
"Macedonia, the former Yugoslav Republic of",MK,MKD,807,Proportion of health care facilities with no hygiene service,2004,0.0,Total,%,Total
"Macedonia, the former Yugoslav Republic of",MK,MKD,807,Proportion of health care facilities with no hygiene service,2005,0.0,Total,%,Total
"Macedonia, the former Yugoslav Republic of",MK,MKD,807,Proportion of health care facilities with no hygiene service,2006,0.0,Total,%,Total
"Macedonia, the former Yugoslav Republic of",MK,MKD,807,Proportion of health care facilities with no hygiene service,2007,0.0,Total,%,Total
"Macedonia, the former Yugoslav Republic of",MK,MKD,807,Proportion of health care facilities with no hygiene service,2008,0.0,Total,%,Total
"Macedonia, the former Yugoslav Republic of",MK,MKD,807,Proportion of health care facilities with no hygiene service,2009,0.0,Total,%,Total
"Macedonia, the former Yugoslav Republic of",MK,MKD,807,Proportion of health care facilities with no hygiene service,2010,0.0,Total,%,Total
"Macedonia, the former Yugoslav Republic of",MK,MKD,807,Proportion of health care facilities with no hygiene service,2011,0.0,Total,%,Total
"Macedonia, the former Yugoslav Republic of",MK,MKD,807,Proportion of health care facilities with no hygiene service,2012,0.0,Total,%,Total
"Macedonia, the former Yugoslav Republic of",MK,MKD,807,Proportion of health care facilities with no hygiene service,2013,0.0,Total,%,Total
"Macedonia, the former Yugoslav Republic of",MK,MKD,807,Proportion of health care facilities with no hygiene service,2014,0.0,Total,%,Total
"Macedonia, the former Yugoslav Republic of",MK,MKD,807,Proportion of health care facilities with no hygiene service,2015,0.0,Total,%,Total
"Macedonia, the former Yugoslav Republic of",MK,MKD,807,Proportion of health care facilities with no hygiene service,2016,0.0,Total,%,Total
"Macedonia, the former Yugoslav Republic of",MK,MKD,807,Proportion of health care facilities with no hygiene service,2017,0.0,Total,%,Total
"Macedonia, the former Yugoslav Republic of",MK,MKD,807,Proportion of health care facilities with no hygiene service,2018,0.0,Total,%,Total
"Macedonia, the former Yugoslav Republic of",MK,MKD,807,Proportion of health care facilities with no hygiene service,2019,0.0,Total,%,Total
"Macedonia, the former Yugoslav Republic of",MK,MKD,807,Proportion of health care facilities with no hygiene service,2020,0.0,Total,%,Total
"Macedonia, the former Yugoslav Republic of",MK,MKD,807,Proportion of health care facilities with no hygiene service,2021,0.0,Total,%,Total
"Macedonia, the former Yugoslav Republic of",MK,MKD,807,Proportion of health care facilities with no hygiene service,2022,0.0,Total,%,Total
"Macedonia, the former Yugoslav Republic of",MK,MKD,807,Proportion of health care facilities with no hygiene service,2023,0.0,Total,%,Total
Oman,OM,OMN,512,Proportion of health care facilities with no hygiene service,2000,0.0,Total,%,Total
Oman,OM,OMN,512,Proportion of health care facilities with no hygiene service,2001,0.0,Total,%,Total
Oman,OM,OMN,512,Proportion of health care facilities with no hygiene service,2002,0.0,Total,%,Total
Oman,OM,OMN,512,Proportion of health care facilities with no hygiene service,2003,0.0,Total,%,Total
Oman,OM,OMN,512,Proportion of health care facilities with no hygiene service,2004,0.0,Total,%,Total
Oman,OM,OMN,512,Proportion of health care facilities with no hygiene service,2005,0.0,Total,%,Total
Oman,OM,OMN,512,Proportion of health care facilities with no hygiene service,2006,0.0,Total,%,Total
Oman,OM,OMN,512,Proportion of health care facilities with no hygiene service,2007,0.0,Total,%,Total
Oman,OM,OMN,512,Proportion of health care facilities with no hygiene service,2008,0.0,Total,%,Total
Oman,OM,OMN,512,Proportion of health care facilities with no hygiene service,2009,0.0,Total,%,Total
Oman,OM,OMN,512,Proportion of health care facilities with no hygiene service,2010,0.0,Total,%,Total
Oman,OM,OMN,512,Proportion of health care facilities with no hygiene service,2011,0.0,Total,%,Total
Oman,OM,OMN,512,Proportion of health care facilities with no hygiene service,2012,0.0,Total,%,Total
Oman,OM,OMN,512,Proportion of health care facilities with no hygiene service,2013,0.0,Total,%,Total
Oman,OM,OMN,512,Proportion of health care facilities with no hygiene service,2014,0.0,Total,%,Total
Oman,OM,OMN,512,Proportion of health care facilities with no hygiene service,2015,0.0,Total,%,Total
Oman,OM,OMN,512,Proportion of health care facilities with no hygiene service,2016,0.0,Total,%,Total
Oman,OM,OMN,512,Proportion of health care facilities with no hygiene service,2017,0.0,Total,%,Total
Oman,OM,OMN,512,Proportion of health care facilities with no hygiene service,2018,0.0,Total,%,Total
Oman,OM,OMN,512,Proportion of health care facilities with no hygiene service,2019,0.0,Total,%,Total
Oman,OM,OMN,512,Proportion of health care facilities with no hygiene service,2020,0.0,Total,%,Total
Oman,OM,OMN,512,Proportion of health care facilities with no hygiene service,2021,0.0,Total,%,Total
Oman,OM,OMN,512,Proportion of health care facilities with no hygiene service,2022,0.0,Total,%,Total
Oman,OM,OMN,512,Proportion of health care facilities with no hygiene service,2023,0.0,Total,%,Total
Pakistan,PK,PAK,586,Proportion of health care facilities with no hygiene service,2017,30.9453,Total,%,Total
Pakistan,PK,PAK,586,Proportion of health care facilities with no hygiene service,2018,30.9453,Total,%,Total
Pakistan,PK,PAK,586,Proportion of health care facilities with no hygiene service,2019,30.9453,Total,%,Total
Pakistan,PK,PAK,586,Proportion of health care facilities with no hygiene service,2020,30.9453,Total,%,Total
Pakistan,PK,PAK,586,Proportion of health care facilities with no hygiene service,2021,30.9453,Total,%,Total
Pakistan,PK,PAK,586,Proportion of health care facilities with no hygiene service,2022,30.9453,Total,%,Total
Pakistan,PK,PAK,586,Proportion of health care facilities with no hygiene service,2023,30.9453,Total,%,Total
Philippines,PH,PHL,608,Proportion of health care facilities with no hygiene service,2019,1.6791,Total,%,Total
Philippines,PH,PHL,608,Proportion of health care facilities with no hygiene service,2020,1.6791,Total,%,Total
Philippines,PH,PHL,608,Proportion of health care facilities with no hygiene service,2021,1.6791,Total,%,Total
Philippines,PH,PHL,608,Proportion of health care facilities with no hygiene service,2022,1.6791,Total,%,Total
Philippines,PH,PHL,608,Proportion of health care facilities with no hygiene service,2023,1.6791,Total,%,Total
Rwanda,RW,RWA,646,Proportion of health care facilities with no hygiene service,2000,0.0,Total,%,Total
Rwanda,RW,RWA,646,Proportion of health care facilities with no hygiene service,2001,0.0,Total,%,Total
Rwanda,RW,RWA,646,Proportion of health care facilities with no hygiene service,2002,0.0,Total,%,Total
Rwanda,RW,RWA,646,Proportion of health care facilities with no hygiene service,2003,0.0,Total,%,Total
Rwanda,RW,RWA,646,Proportion of health care facilities with no hygiene service,2004,0.0,Total,%,Total
Rwanda,RW,RWA,646,Proportion of health care facilities with no hygiene service,2005,0.0,Total,%,Total
Rwanda,RW,RWA,646,Proportion of health care facilities with no hygiene service,2006,0.0,Total,%,Total
Rwanda,RW,RWA,646,Proportion of health care facilities with no hygiene service,2007,0.0,Total,%,Total
Rwanda,RW,RWA,646,Proportion of health care facilities with no hygiene service,2008,0.0,Total,%,Total
Rwanda,RW,RWA,646,Proportion of health care facilities with no hygiene service,2009,0.0,Total,%,Total
Rwanda,RW,RWA,646,Proportion of health care facilities with no hygiene service,2010,0.0,Total,%,Total
Rwanda,RW,RWA,646,Proportion of health care facilities with no hygiene service,2011,0.0,Total,%,Total
Rwanda,RW,RWA,646,Proportion of health care facilities with no hygiene service,2012,0.0,Total,%,Total
Rwanda,RW,RWA,646,Proportion of health care facilities with no hygiene service,2013,0.0,Total,%,Total
Rwanda,RW,RWA,646,Proportion of health care facilities with no hygiene service,2014,0.0,Total,%,Total
Rwanda,RW,RWA,646,Proportion of health care facilities with no hygiene service,2015,0.0,Total,%,Total
Rwanda,RW,RWA,646,Proportion of health care facilities with no hygiene service,2016,0.0,Total,%,Total
Rwanda,RW,RWA,646,Proportion of health care facilities with no hygiene service,2017,0.0,Total,%,Total
Rwanda,RW,RWA,646,Proportion of health care facilities with no hygiene service,2018,0.0,Total,%,Total
Rwanda,RW,RWA,646,Proportion of health care facilities with no hygiene service,2019,0.0,Total,%,Total
Rwanda,RW,RWA,646,Proportion of health care facilities with no hygiene service,2020,0.0,Total,%,Total
Rwanda,RW,RWA,646,Proportion of health care facilities with no hygiene service,2021,0.0,Total,%,Total
Rwanda,RW,RWA,646,Proportion of health care facilities with no hygiene service,2022,0.0,Total,%,Total
Rwanda,RW,RWA,646,Proportion of health care facilities with no hygiene service,2023,0.0,Total,%,Total
San Marino,SM,SMR,674,Proportion of health care facilities with no hygiene service,2000,0.0,Total,%,Total
San Marino,SM,SMR,674,Proportion of health care facilities with no hygiene service,2001,0.0,Total,%,Total
San Marino,SM,SMR,674,Proportion of health care facilities with no hygiene service,2002,0.0,Total,%,Total
San Marino,SM,SMR,674,Proportion of health care facilities with no hygiene service,2003,0.0,Total,%,Total
San Marino,SM,SMR,674,Proportion of health care facilities with no hygiene service,2004,0.0,Total,%,Total
San Marino,SM,SMR,674,Proportion of health care facilities with no hygiene service,2005,0.0,Total,%,Total
San Marino,SM,SMR,674,Proportion of health care facilities with no hygiene service,2006,0.0,Total,%,Total
San Marino,SM,SMR,674,Proportion of health care facilities with no hygiene service,2007,0.0,Total,%,Total
San Marino,SM,SMR,674,Proportion of health care facilities with no hygiene service,2008,0.0,Total,%,Total
San Marino,SM,SMR,674,Proportion of health care facilities with no hygiene service,2009,0.0,Total,%,Total
San Marino,SM,SMR,674,Proportion of health care facilities with no hygiene service,2010,0.0,Total,%,Total
San Marino,SM,SMR,674,Proportion of health care facilities with no hygiene service,2011,0.0,Total,%,Total
San Marino,SM,SMR,674,Proportion of health care facilities with no hygiene service,2012,0.0,Total,%,Total
San Marino,SM,SMR,674,Proportion of health care facilities with no hygiene service,2013,0.0,Total,%,Total
San Marino,SM,SMR,674,Proportion of health care facilities with no hygiene service,2014,0.0,Total,%,Total
San Marino,SM,SMR,674,Proportion of health care facilities with no hygiene service,2015,0.0,Total,%,Total
San Marino,SM,SMR,674,Proportion of health care facilities with no hygiene service,2016,0.0,Total,%,Total
San Marino,SM,SMR,674,Proportion of health care facilities with no hygiene service,2017,0.0,Total,%,Total
San Marino,SM,SMR,674,Proportion of health care facilities with no hygiene service,2018,0.0,Total,%,Total
San Marino,SM,SMR,674,Proportion of health care facilities with no hygiene service,2019,0.0,Total,%,Total
San Marino,SM,SMR,674,Proportion of health care facilities with no hygiene service,2020,0.0,Total,%,Total
San Marino,SM,SMR,674,Proportion of health care facilities with no hygiene service,2021,0.0,Total,%,Total
San Marino,SM,SMR,674,Proportion of health care facilities with no hygiene service,2022,0.0,Total,%,Total
San Marino,SM,SMR,674,Proportion of health care facilities with no hygiene service,2023,0.0,Total,%,Total
Saudi Arabia,SA,SAU,682,Proportion of health care facilities with no hygiene service,2000,0.0,Total,%,Total
Saudi Arabia,SA,SAU,682,Proportion of health care facilities with no hygiene service,2001,0.0,Total,%,Total
Saudi Arabia,SA,SAU,682,Proportion of health care facilities with no hygiene service,2002,0.0,Total,%,Total
Saudi Arabia,SA,SAU,682,Proportion of health care facilities with no hygiene service,2003,0.0,Total,%,Total
Saudi Arabia,SA,SAU,682,Proportion of health care facilities with no hygiene service,2004,0.0,Total,%,Total
Saudi Arabia,SA,SAU,682,Proportion of health care facilities with no hygiene service,2005,0.0,Total,%,Total
Saudi Arabia,SA,SAU,682,Proportion of health care facilities with no hygiene service,2006,0.0,Total,%,Total
Saudi Arabia,SA,SAU,682,Proportion of health care facilities with no hygiene service,2007,0.0,Total,%,Total
Saudi Arabia,SA,SAU,682,Proportion of health care facilities with no hygiene service,2008,0.0,Total,%,Total
Saudi Arabia,SA,SAU,682,Proportion of health care facilities with no hygiene service,2009,0.0,Total,%,Total
Saudi Arabia,SA,SAU,682,Proportion of health care facilities with no hygiene service,2010,0.0,Total,%,Total
Saudi Arabia,SA,SAU,682,Proportion of health care facilities with no hygiene service,2011,0.0,Total,%,Total
Saudi Arabia,SA,SAU,682,Proportion of health care facilities with no hygiene service,2012,0.0,Total,%,Total
Saudi Arabia,SA,SAU,682,Proportion of health care facilities with no hygiene service,2013,0.0,Total,%,Total
Saudi Arabia,SA,SAU,682,Proportion of health care facilities with no hygiene service,2014,0.0,Total,%,Total
Saudi Arabia,SA,SAU,682,Proportion of health care facilities with no hygiene service,2015,0.0,Total,%,Total
Saudi Arabia,SA,SAU,682,Proportion of health care facilities with no hygiene service,2016,0.0,Total,%,Total
Saudi Arabia,SA,SAU,682,Proportion of health care facilities with no hygiene service,2017,0.0,Total,%,Total
Saudi Arabia,SA,SAU,682,Proportion of health care facilities with no hygiene service,2018,0.0,Total,%,Total
Saudi Arabia,SA,SAU,682,Proportion of health care facilities with no hygiene service,2019,0.0,Total,%,Total
Saudi Arabia,SA,SAU,682,Proportion of health care facilities with no hygiene service,2020,0.0,Total,%,Total
Saudi Arabia,SA,SAU,682,Proportion of health care facilities with no hygiene service,2021,0.0,Total,%,Total
Saudi Arabia,SA,SAU,682,Proportion of health care facilities with no hygiene service,2022,0.0,Total,%,Total
Saudi Arabia,SA,SAU,682,Proportion of health care facilities with no hygiene service,2023,0.0,Total,%,Total
Serbia,RS,SRB,688,Proportion of health care facilities with no hygiene service,2000,0.3,Total,%,Total
Serbia,RS,SRB,688,Proportion of health care facilities with no hygiene service,2001,0.3,Total,%,Total
Serbia,RS,SRB,688,Proportion of health care facilities with no hygiene service,2002,0.3,Total,%,Total
Serbia,RS,SRB,688,Proportion of health care facilities with no hygiene service,2003,0.3,Total,%,Total
Serbia,RS,SRB,688,Proportion of health care facilities with no hygiene service,2004,0.3,Total,%,Total
Serbia,RS,SRB,688,Proportion of health care facilities with no hygiene service,2005,0.3,Total,%,Total
Serbia,RS,SRB,688,Proportion of health care facilities with no hygiene service,2006,0.3,Total,%,Total
Serbia,RS,SRB,688,Proportion of health care facilities with no hygiene service,2007,0.3,Total,%,Total
Serbia,RS,SRB,688,Proportion of health care facilities with no hygiene service,2008,0.3,Total,%,Total
Serbia,RS,SRB,688,Proportion of health care facilities with no hygiene service,2009,0.3,Total,%,Total
Serbia,RS,SRB,688,Proportion of health care facilities with no hygiene service,2010,0.3,Total,%,Total
Serbia,RS,SRB,688,Proportion of health care facilities with no hygiene service,2011,0.3,Total,%,Total
Serbia,RS,SRB,688,Proportion of health care facilities with no hygiene service,2012,0.3,Total,%,Total
Serbia,RS,SRB,688,Proportion of health care facilities with no hygiene service,2013,0.3,Total,%,Total
Serbia,RS,SRB,688,Proportion of health care facilities with no hygiene service,2014,0.3,Total,%,Total
Serbia,RS,SRB,688,Proportion of health care facilities with no hygiene service,2015,0.3,Total,%,Total
Serbia,RS,SRB,688,Proportion of health care facilities with no hygiene service,2016,0.3,Total,%,Total
Serbia,RS,SRB,688,Proportion of health care facilities with no hygiene service,2017,0.3,Total,%,Total
Serbia,RS,SRB,688,Proportion of health care facilities with no hygiene service,2018,0.3,Total,%,Total
Serbia,RS,SRB,688,Proportion of health care facilities with no hygiene service,2019,0.3,Total,%,Total
Serbia,RS,SRB,688,Proportion of health care facilities with no hygiene service,2020,0.3,Total,%,Total
Serbia,RS,SRB,688,Proportion of health care facilities with no hygiene service,2021,0.3,Total,%,Total
Serbia,RS,SRB,688,Proportion of health care facilities with no hygiene service,2022,0.3,Total,%,Total
Serbia,RS,SRB,688,Proportion of health care facilities with no hygiene service,2023,0.3,Total,%,Total
Singapore,SG,SGP,702,Proportion of health care facilities with no hygiene service,2000,0.0,Total,%,Total
Singapore,SG,SGP,702,Proportion of health care facilities with no hygiene service,2001,0.0,Total,%,Total
Singapore,SG,SGP,702,Proportion of health care facilities with no hygiene service,2002,0.0,Total,%,Total
Singapore,SG,SGP,702,Proportion of health care facilities with no hygiene service,2003,0.0,Total,%,Total
Singapore,SG,SGP,702,Proportion of health care facilities with no hygiene service,2004,0.0,Total,%,Total
Singapore,SG,SGP,702,Proportion of health care facilities with no hygiene service,2005,0.0,Total,%,Total
Singapore,SG,SGP,702,Proportion of health care facilities with no hygiene service,2006,0.0,Total,%,Total
Singapore,SG,SGP,702,Proportion of health care facilities with no hygiene service,2007,0.0,Total,%,Total
Singapore,SG,SGP,702,Proportion of health care facilities with no hygiene service,2008,0.0,Total,%,Total
Singapore,SG,SGP,702,Proportion of health care facilities with no hygiene service,2009,0.0,Total,%,Total
Singapore,SG,SGP,702,Proportion of health care facilities with no hygiene service,2010,0.0,Total,%,Total
Singapore,SG,SGP,702,Proportion of health care facilities with no hygiene service,2011,0.0,Total,%,Total
Singapore,SG,SGP,702,Proportion of health care facilities with no hygiene service,2012,0.0,Total,%,Total
Singapore,SG,SGP,702,Proportion of health care facilities with no hygiene service,2013,0.0,Total,%,Total
Singapore,SG,SGP,702,Proportion of health care facilities with no hygiene service,2014,0.0,Total,%,Total
Singapore,SG,SGP,702,Proportion of health care facilities with no hygiene service,2015,0.0,Total,%,Total
Singapore,SG,SGP,702,Proportion of health care facilities with no hygiene service,2016,0.0,Total,%,Total
Singapore,SG,SGP,702,Proportion of health care facilities with no hygiene service,2017,0.0,Total,%,Total
Singapore,SG,SGP,702,Proportion of health care facilities with no hygiene service,2018,0.0,Total,%,Total
Singapore,SG,SGP,702,Proportion of health care facilities with no hygiene service,2019,0.0,Total,%,Total
Singapore,SG,SGP,702,Proportion of health care facilities with no hygiene service,2020,0.0,Total,%,Total
Singapore,SG,SGP,702,Proportion of health care facilities with no hygiene service,2021,0.0,Total,%,Total
Singapore,SG,SGP,702,Proportion of health care facilities with no hygiene service,2022,0.0,Total,%,Total
Singapore,SG,SGP,702,Proportion of health care facilities with no hygiene service,2023,0.0,Total,%,Total
Solomon Islands,SB,SLB,90,Proportion of health care facilities with no hygiene service,2016,48.4848,Total,%,Total
Solomon Islands,SB,SLB,90,Proportion of health care facilities with no hygiene service,2017,48.4848,Total,%,Total
Solomon Islands,SB,SLB,90,Proportion of health care facilities with no hygiene service,2018,48.4848,Total,%,Total
Solomon Islands,SB,SLB,90,Proportion of health care facilities with no hygiene service,2019,48.4848,Total,%,Total
Solomon Islands,SB,SLB,90,Proportion of health care facilities with no hygiene service,2020,48.4848,Total,%,Total
Solomon Islands,SB,SLB,90,Proportion of health care facilities with no hygiene service,2021,48.4848,Total,%,Total
Solomon Islands,SB,SLB,90,Proportion of health care facilities with no hygiene service,2022,48.4848,Total,%,Total
Solomon Islands,SB,SLB,90,Proportion of health care facilities with no hygiene service,2023,48.4848,Total,%,Total
Somalia,SO,SOM,706,Proportion of health care facilities with no hygiene service,2019,43.6019,Total,%,Total
Somalia,SO,SOM,706,Proportion of health care facilities with no hygiene service,2020,43.6019,Total,%,Total
Somalia,SO,SOM,706,Proportion of health care facilities with no hygiene service,2021,43.6019,Total,%,Total
Somalia,SO,SOM,706,Proportion of health care facilities with no hygiene service,2022,43.6019,Total,%,Total
Somalia,SO,SOM,706,Proportion of health care facilities with no hygiene service,2023,43.6019,Total,%,Total
"Palestinian Territory, Occupied",PS,PSE,275,Proportion of health care facilities with no hygiene service,2017,0.7849,Total,%,Total
"Palestinian Territory, Occupied",PS,PSE,275,Proportion of health care facilities with no hygiene service,2018,0.7849,Total,%,Total
"Palestinian Territory, Occupied",PS,PSE,275,Proportion of health care facilities with no hygiene service,2019,0.7849,Total,%,Total
"Palestinian Territory, Occupied",PS,PSE,275,Proportion of health care facilities with no hygiene service,2020,0.7849,Total,%,Total
"Palestinian Territory, Occupied",PS,PSE,275,Proportion of health care facilities with no hygiene service,2021,0.7849,Total,%,Total
"Palestinian Territory, Occupied",PS,PSE,275,Proportion of health care facilities with no hygiene service,2022,0.7849,Total,%,Total
"Palestinian Territory, Occupied",PS,PSE,275,Proportion of health care facilities with no hygiene service,2023,0.7849,Total,%,Total
Sudan,SD,SDN,736,Proportion of health care facilities with no hygiene service,2017,68.3582,Total,%,Total
Sudan,SD,SDN,736,Proportion of health care facilities with no hygiene service,2018,68.3582,Total,%,Total
Sudan,SD,SDN,736,Proportion of health care facilities with no hygiene service,2019,68.3582,Total,%,Total
Sudan,SD,SDN,736,Proportion of health care facilities with no hygiene service,2020,68.3582,Total,%,Total
Sudan,SD,SDN,736,Proportion of health care facilities with no hygiene service,2021,68.3582,Total,%,Total
Sudan,SD,SDN,736,Proportion of health care facilities with no hygiene service,2022,68.3582,Total,%,Total
Sudan,SD,SDN,736,Proportion of health care facilities with no hygiene service,2023,68.3582,Total,%,Total
Syrian Arab Republic,SY,SYR,760,Proportion of health care facilities with no hygiene service,2018,11.1498,Total,%,Total
Syrian Arab Republic,SY,SYR,760,Proportion of health care facilities with no hygiene service,2019,11.1498,Total,%,Total
Syrian Arab Republic,SY,SYR,760,Proportion of health care facilities with no hygiene service,2020,11.1498,Total,%,Total
Syrian Arab Republic,SY,SYR,760,Proportion of health care facilities with no hygiene service,2021,11.1498,Total,%,Total
Syrian Arab Republic,SY,SYR,760,Proportion of health care facilities with no hygiene service,2022,11.1498,Total,%,Total
Syrian Arab Republic,SY,SYR,760,Proportion of health care facilities with no hygiene service,2023,11.1498,Total,%,Total
Tajikistan,TJ,TJK,762,Proportion of health care facilities with no hygiene service,2017,41.14285714,Total,%,Total
Tajikistan,TJ,TJK,762,Proportion of health care facilities with no hygiene service,2018,41.14285714,Total,%,Total
Tajikistan,TJ,TJK,762,Proportion of health care facilities with no hygiene service,2019,41.14285714,Total,%,Total
Tajikistan,TJ,TJK,762,Proportion of health care facilities with no hygiene service,2020,41.14285714,Total,%,Total
Tajikistan,TJ,TJK,762,Proportion of health care facilities with no hygiene service,2021,41.14285714,Total,%,Total
Tajikistan,TJ,TJK,762,Proportion of health care facilities with no hygiene service,2022,41.14285714,Total,%,Total
Tajikistan,TJ,TJK,762,Proportion of health care facilities with no hygiene service,2023,41.14285714,Total,%,Total
Tunisia,TN,TUN,788,Proportion of health care facilities with no hygiene service,2000,0.0,Total,%,Total
Tunisia,TN,TUN,788,Proportion of health care facilities with no hygiene service,2001,0.0,Total,%,Total
Tunisia,TN,TUN,788,Proportion of health care facilities with no hygiene service,2002,0.0,Total,%,Total
Tunisia,TN,TUN,788,Proportion of health care facilities with no hygiene service,2003,0.0,Total,%,Total
Tunisia,TN,TUN,788,Proportion of health care facilities with no hygiene service,2004,0.0,Total,%,Total
Tunisia,TN,TUN,788,Proportion of health care facilities with no hygiene service,2005,0.0,Total,%,Total
Tunisia,TN,TUN,788,Proportion of health care facilities with no hygiene service,2006,0.0,Total,%,Total
Tunisia,TN,TUN,788,Proportion of health care facilities with no hygiene service,2007,0.0,Total,%,Total
Tunisia,TN,TUN,788,Proportion of health care facilities with no hygiene service,2008,0.0,Total,%,Total
Tunisia,TN,TUN,788,Proportion of health care facilities with no hygiene service,2009,0.0,Total,%,Total
Tunisia,TN,TUN,788,Proportion of health care facilities with no hygiene service,2010,0.0,Total,%,Total
Tunisia,TN,TUN,788,Proportion of health care facilities with no hygiene service,2011,0.0,Total,%,Total
Tunisia,TN,TUN,788,Proportion of health care facilities with no hygiene service,2012,0.0,Total,%,Total
Tunisia,TN,TUN,788,Proportion of health care facilities with no hygiene service,2013,0.0,Total,%,Total
Tunisia,TN,TUN,788,Proportion of health care facilities with no hygiene service,2014,0.0,Total,%,Total
Tunisia,TN,TUN,788,Proportion of health care facilities with no hygiene service,2015,0.0,Total,%,Total
Tunisia,TN,TUN,788,Proportion of health care facilities with no hygiene service,2016,0.0,Total,%,Total
Tunisia,TN,TUN,788,Proportion of health care facilities with no hygiene service,2017,0.0,Total,%,Total
Tunisia,TN,TUN,788,Proportion of health care facilities with no hygiene service,2018,0.0,Total,%,Total
Tunisia,TN,TUN,788,Proportion of health care facilities with no hygiene service,2019,0.0,Total,%,Total
Tunisia,TN,TUN,788,Proportion of health care facilities with no hygiene service,2020,0.0,Total,%,Total
Tunisia,TN,TUN,788,Proportion of health care facilities with no hygiene service,2021,0.0,Total,%,Total
Tunisia,TN,TUN,788,Proportion of health care facilities with no hygiene service,2022,0.0,Total,%,Total
Tunisia,TN,TUN,788,Proportion of health care facilities with no hygiene service,2023,0.0,Total,%,Total
Uganda,UG,UGA,800,Proportion of health care facilities with no hygiene service,2000,0.0,Total,%,Total
Uganda,UG,UGA,800,Proportion of health care facilities with no hygiene service,2001,0.0,Total,%,Total
Uganda,UG,UGA,800,Proportion of health care facilities with no hygiene service,2002,0.0,Total,%,Total
Uganda,UG,UGA,800,Proportion of health care facilities with no hygiene service,2003,0.0,Total,%,Total
Uganda,UG,UGA,800,Proportion of health care facilities with no hygiene service,2004,0.0,Total,%,Total
Uganda,UG,UGA,800,Proportion of health care facilities with no hygiene service,2005,0.0,Total,%,Total
Uganda,UG,UGA,800,Proportion of health care facilities with no hygiene service,2006,0.0,Total,%,Total
Uganda,UG,UGA,800,Proportion of health care facilities with no hygiene service,2007,0.0,Total,%,Total
Uganda,UG,UGA,800,Proportion of health care facilities with no hygiene service,2008,0.0,Total,%,Total
Uganda,UG,UGA,800,Proportion of health care facilities with no hygiene service,2009,0.0,Total,%,Total
Uganda,UG,UGA,800,Proportion of health care facilities with no hygiene service,2010,0.0,Total,%,Total
Uganda,UG,UGA,800,Proportion of health care facilities with no hygiene service,2011,0.0,Total,%,Total
Uganda,UG,UGA,800,Proportion of health care facilities with no hygiene service,2012,0.0,Total,%,Total
Uganda,UG,UGA,800,Proportion of health care facilities with no hygiene service,2013,0.0,Total,%,Total
Uganda,UG,UGA,800,Proportion of health care facilities with no hygiene service,2014,0.0,Total,%,Total
Uganda,UG,UGA,800,Proportion of health care facilities with no hygiene service,2015,0.663430597,Total,%,Total
Uganda,UG,UGA,800,Proportion of health care facilities with no hygiene service,2016,1.594301493,Total,%,Total
Uganda,UG,UGA,800,Proportion of health care facilities with no hygiene service,2017,2.525172388,Total,%,Total
Uganda,UG,UGA,800,Proportion of health care facilities with no hygiene service,2018,3.456043284,Total,%,Total
Uganda,UG,UGA,800,Proportion of health care facilities with no hygiene service,2019,4.386914179,Total,%,Total
Uganda,UG,UGA,800,Proportion of health care facilities with no hygiene service,2020,5.317785075,Total,%,Total
Uganda,UG,UGA,800,Proportion of health care facilities with no hygiene service,2021,6.24865597,Total,%,Total
Uganda,UG,UGA,800,Proportion of health care facilities with no hygiene service,2022,7.179526866,Total,%,Total
Uganda,UG,UGA,800,Proportion of health care facilities with no hygiene service,2023,8.110397761,Total,%,Total
Vanuatu,VU,VUT,548,Proportion of health care facilities with no hygiene service,2016,38.3648,Total,%,Total
Vanuatu,VU,VUT,548,Proportion of health care facilities with no hygiene service,2017,38.3648,Total,%,Total
Vanuatu,VU,VUT,548,Proportion of health care facilities with no hygiene service,2018,38.3648,Total,%,Total
Vanuatu,VU,VUT,548,Proportion of health care facilities with no hygiene service,2019,38.3648,Total,%,Total
Vanuatu,VU,VUT,548,Proportion of health care facilities with no hygiene service,2020,38.3648,Total,%,Total
Vanuatu,VU,VUT,548,Proportion of health care facilities with no hygiene service,2021,38.3648,Total,%,Total
Vanuatu,VU,VUT,548,Proportion of health care facilities with no hygiene service,2022,38.3648,Total,%,Total
Vanuatu,VU,VUT,548,Proportion of health care facilities with no hygiene service,2023,38.3648,Total,%,Total
Zimbabwe,ZW,ZWE,716,Proportion of health care facilities with no hygiene service,2014,9.8,Total,%,Total
Zimbabwe,ZW,ZWE,716,Proportion of health care facilities with no hygiene service,2015,9.8,Total,%,Total
Zimbabwe,ZW,ZWE,716,Proportion of health care facilities with no hygiene service,2016,9.8,Total,%,Total
Zimbabwe,ZW,ZWE,716,Proportion of health care facilities with no hygiene service,2017,9.8,Total,%,Total
Zimbabwe,ZW,ZWE,716,Proportion of health care facilities with no hygiene service,2018,9.8,Total,%,Total
Zimbabwe,ZW,ZWE,716,Proportion of health care facilities with no hygiene service,2019,9.8,Total,%,Total
Zimbabwe,ZW,ZWE,716,Proportion of health care facilities with no hygiene service,2020,9.8,Total,%,Total
Zimbabwe,ZW,ZWE,716,Proportion of health care facilities with no hygiene service,2021,9.8,Total,%,Total
Zimbabwe,ZW,ZWE,716,Proportion of health care facilities with no hygiene service,2022,9.8,Total,%,Total
